occurred_at,actor,action,resource_type,resource_id,details
2026-07-26 22:49 UTC,Aisha Rahman,campaign.launch_sandbox,campaign,e413eada-bcbd-43a9-aaec-f321056e3bf0,"{'attempt_count': 2, 'channel': 'vishing'}"
2026-07-26 22:49 UTC,Aisha Rahman,campaign.approve,campaign,e413eada-bcbd-43a9-aaec-f321056e3bf0,{}
2026-07-26 22:49 UTC,Aisha Rahman,campaign.request_approval,campaign,e413eada-bcbd-43a9-aaec-f321056e3bf0,{}
2026-07-26 22:49 UTC,Aisha Rahman,campaign.create,campaign,e413eada-bcbd-43a9-aaec-f321056e3bf0,"{'name': 'QA Vish Campaign VSH2', 'description': None, 'channel': 'vishing', 'campaign_type': 'one_time', 'schedule_at': None, 'throttling_per_hour': 25, 'target_employee_ids': ['30c31d92-2631-44cc-9e6f-51e3178a6533', '0143f39e-c4ef-426d-8b7e-7d7870762606'], 'scenario_ids': ['e690c0af-01e4-4eb8-a715-29096ef5191d', '9309fea8-668e-477f-843c-284720be6600'], 'requires_second_approval': False, 'sandbox_mode': True, 'learning_objective': 'Recognize social engineering patterns.', 'target_filters': {}}"
2026-07-26 22:49 UTC,Aisha Rahman,scenario.approve,scenario,9309fea8-668e-477f-843c-284720be6600,{}
2026-07-26 22:49 UTC,Aisha Rahman,scenario.generate,scenario,9309fea8-668e-477f-843c-284720be6600,"{'theme': 'password reset', 'channel': 'vishing', 'prompt_instructions': None, 'provider': 'rule-based', 'model': 'deterministic-template-v1', 'persona_id': '7adb6694-7082-4974-aac1-01f874481e4e', 'persona_reference': 'PSN-SERV-DESK-733A'}"
2026-07-26 22:49 UTC,Aisha Rahman,media.generate,scenario_version,1f05dcc2-3ccb-4821-868b-3f169e7cadce,"{'persona_id': '7adb6694-7082-4974-aac1-01f874481e4e', 'voice': 'fallback_browser_tts', 'video': 'skipped'}"
2026-07-26 22:49 UTC,Aisha Rahman,persona.delete,impersonation_persona,df4393a1-58cb-4130-aae9-210c83fa6989,"{'resource': 'persona', 'resource_id': 'df4393a1-58cb-4130-aae9-210c83fa6989', 'label': 'Deltest Used', 'removed': {}}"
2026-07-26 22:49 UTC,Aisha Rahman,scenario.delete,scenario,7b61e507-5d67-41db-8e02-401031ac4605,"{'resource': 'scenario', 'resource_id': '7b61e507-5d67-41db-8e02-401031ac4605', 'label': 'Inbound call: Password Reset', 'removed': {'scenario_versions': 1}}"
2026-07-26 22:49 UTC,Aisha Rahman,scenario.approve,scenario,e690c0af-01e4-4eb8-a715-29096ef5191d,{}
2026-07-26 22:49 UTC,Aisha Rahman,persona.revoke,impersonation_persona,df4393a1-58cb-4130-aae9-210c83fa6989,"{'reason': 'deltest', 'media_assets_purged': 0}"
2026-07-26 22:49 UTC,Aisha Rahman,scenario.generate,scenario,e690c0af-01e4-4eb8-a715-29096ef5191d,"{'theme': 'password reset', 'channel': 'vishing', 'prompt_instructions': None, 'provider': 'rule-based', 'model': 'deterministic-template-v1', 'persona_id': '7adb6694-7082-4974-aac1-01f874481e4e', 'persona_reference': 'PSN-SERV-DESK-733A'}"
2026-07-26 22:49 UTC,Aisha Rahman,media.generate,scenario_version,4ba23218-273e-41a6-a187-400ab4b34177,"{'persona_id': '7adb6694-7082-4974-aac1-01f874481e4e', 'voice': 'fallback_browser_tts', 'video': 'skipped'}"
2026-07-26 22:49 UTC,Aisha Rahman,scenario.generate,scenario,7b61e507-5d67-41db-8e02-401031ac4605,"{'theme': 'password reset', 'channel': 'vishing', 'prompt_instructions': 'DELTEST-C', 'provider': 'rule-based', 'model': 'deterministic-template-v1', 'persona_id': 'df4393a1-58cb-4130-aae9-210c83fa6989', 'persona_reference': 'PSN-IT-HELP'}"
2026-07-26 22:49 UTC,Aisha Rahman,media.generate,scenario_version,c3a5db63-5470-432c-8fae-6b0342339446,"{'persona_id': 'df4393a1-58cb-4130-aae9-210c83fa6989', 'voice': 'fallback_browser_tts', 'video': 'skipped'}"
2026-07-26 22:49 UTC,Aisha Rahman,profile.generate,employee,0143f39e-c4ef-426d-8b7e-7d7870762606,{}
2026-07-26 22:49 UTC,Aisha Rahman,employee.consent,employee,0143f39e-c4ef-426d-8b7e-7d7870762606,"{'status': 'consented', 'note': 'throwaway', 'source': 'qa'}"
2026-07-26 22:49 UTC,Aisha Rahman,profile.generate,employee,30c31d92-2631-44cc-9e6f-51e3178a6533,{}
2026-07-26 22:49 UTC,Aisha Rahman,employee.consent,employee,30c31d92-2631-44cc-9e6f-51e3178a6533,"{'status': 'consented', 'note': 'throwaway', 'source': 'qa'}"
2026-07-26 22:49 UTC,Aisha Rahman,employee.create,employee,0143f39e-c4ef-426d-8b7e-7d7870762606,{'employee_id': 'QV-VSH2-2'}
2026-07-26 22:49 UTC,Aisha Rahman,employee.create,employee,30c31d92-2631-44cc-9e6f-51e3178a6533,{'employee_id': 'QV-VSH2-1'}
2026-07-26 22:49 UTC,Aisha Rahman,department.create,department,78700e75-a3a3-4584-947b-1b8feb043bc5,"{'name': 'QA Vish VSH2', 'code': 'QAV-VSH2'}"
2026-07-26 22:49 UTC,Rayan Khan,persona.approve,impersonation_persona,df4393a1-58cb-4130-aae9-210c83fa6989,{'consent_expires_at': None}
2026-07-26 22:49 UTC,Aisha Rahman,persona.create,impersonation_persona,df4393a1-58cb-4130-aae9-210c83fa6989,"{'display_name': 'Deltest Used', 'is_real_person': False, 'modality': 'voice_note', 'consent_reference': None}"
2026-07-26 22:49 UTC,Aisha Rahman,persona.delete,impersonation_persona,18b54099-aa54-440f-ac0e-ab9d8b545253,"{'resource': 'persona', 'resource_id': '18b54099-aa54-440f-ac0e-ab9d8b545253', 'label': 'Deltest Unused', 'removed': {}}"
2026-07-26 22:49 UTC,Aisha Rahman,persona.create,impersonation_persona,18b54099-aa54-440f-ac0e-ab9d8b545253,"{'display_name': 'Deltest Unused', 'is_real_person': False, 'modality': 'voice_note', 'consent_reference': None}"
2026-07-26 22:48 UTC,Aisha Rahman,persona.delete,impersonation_persona,7ab7c12a-45bb-4223-8c2e-a8308700b0b8,"{'resource': 'persona', 'resource_id': '7ab7c12a-45bb-4223-8c2e-a8308700b0b8', 'label': 'Deltest Used', 'removed': {}}"
2026-07-26 22:48 UTC,Aisha Rahman,persona.create,impersonation_persona,7ab7c12a-45bb-4223-8c2e-a8308700b0b8,"{'display_name': 'Deltest Used', 'is_real_person': False, 'modality': 'voice_note', 'consent_reference': None}"
2026-07-26 22:48 UTC,Aisha Rahman,persona.delete,impersonation_persona,dd602e68-ddd9-4c66-94b5-f185fecb92fd,"{'resource': 'persona', 'resource_id': 'dd602e68-ddd9-4c66-94b5-f185fecb92fd', 'label': 'Deltest Unused', 'removed': {}}"
2026-07-26 22:48 UTC,Aisha Rahman,persona.create,impersonation_persona,dd602e68-ddd9-4c66-94b5-f185fecb92fd,"{'display_name': 'Deltest Unused', 'is_real_person': False, 'modality': 'voice_note', 'consent_reference': None}"
2026-07-26 22:48 UTC,Aisha Rahman,scenario.delete,scenario,52ef551b-8068-46d0-a7db-08f4ab246bb3,"{'resource': 'scenario', 'resource_id': '52ef551b-8068-46d0-a7db-08f4ab246bb3', 'label': 'Inbound call: Password Reset', 'removed': {'scenario_versions': 1}}"
2026-07-26 22:48 UTC,Aisha Rahman,persona.delete,impersonation_persona,34cc6675-091f-4d31-9513-dd4a4844d2c2,"{'resource': 'persona', 'resource_id': '34cc6675-091f-4d31-9513-dd4a4844d2c2', 'label': 'Deltest Clone', 'removed': {}}"
2026-07-26 22:48 UTC,Aisha Rahman,department.delete,department,523ed4f6-5ea9-4276-b1f5-4313b6a7ce1d,"{'resource': 'department', 'resource_id': '523ed4f6-5ea9-4276-b1f5-4313b6a7ce1d', 'label': 'DELTEST Dept Two', 'removed': {}}"
2026-07-26 22:48 UTC,Aisha Rahman,scenario.delete,scenario,305e612a-cc01-40de-9b7b-e8fcbc332abc,"{'resource': 'scenario', 'resource_id': '305e612a-cc01-40de-9b7b-e8fcbc332abc', 'label': 'SECTEST Scenario A-3', 'removed': {'scenario_versions': 1}}"
2026-07-26 22:48 UTC,Aisha Rahman,department.delete,department,fd5fb9bd-7be6-4a0a-bcc4-0260c13ad1da,"{'resource': 'department', 'resource_id': 'fd5fb9bd-7be6-4a0a-bcc4-0260c13ad1da', 'label': 'DELTEST Dept', 'removed': {}}"
2026-07-26 22:48 UTC,Aisha Rahman,employee.delete,employee,679b1cca-f708-43d4-b40c-9ef22010360f,"{'resource': 'employee', 'resource_id': '679b1cca-f708-43d4-b40c-9ef22010360f', 'label': 'DELTEST-EMP-01', 'removed': {'context_profiles': 3, 'consent_records': 1}}"
2026-07-26 22:48 UTC,Aisha Rahman,persona.revoke,impersonation_persona,34cc6675-091f-4d31-9513-dd4a4844d2c2,"{'reason': 'deltest cleanup', 'media_assets_purged': 0}"
2026-07-26 22:48 UTC,Aisha Rahman,persona.create,impersonation_persona,34cc6675-091f-4d31-9513-dd4a4844d2c2,"{'display_name': 'Deltest Clone', 'is_real_person': True, 'modality': 'voice_note', 'consent_reference': 'DELTEST-CONSENT-1'}"
2026-07-26 22:48 UTC,Bilal Siddiqui,campaign.deliver,campaign,e2978300-0883-4a75-a9a9-543b2bc19911,"{'channel': 'deepfake', 'attempt_count': 1, 'delivered': 0}"
2026-07-26 22:48 UTC,Aisha Rahman,campaign.approve,campaign,e2978300-0883-4a75-a9a9-543b2bc19911,{}
2026-07-26 22:48 UTC,Bilal Siddiqui,campaign.request_approval,campaign,e2978300-0883-4a75-a9a9-543b2bc19911,{}
2026-07-26 22:48 UTC,Bilal Siddiqui,campaign.create,campaign,e2978300-0883-4a75-a9a9-543b2bc19911,"{'name': 'Regression deepfake 034749', 'description': None, 'channel': 'deepfake', 'campaign_type': 'one_time', 'schedule_at': None, 'throttling_per_hour': 25, 'target_employee_ids': ['b3de783e-d953-4c65-8f1c-ca767f386a4e'], 'scenario_ids': ['7a5aba4c-af84-43ee-99ea-6033c4ea9073'], 'requires_second_approval': False, 'sandbox_mode': True, 'learning_objective': 'Recognize social engineering patterns.', 'target_filters': {}}"
2026-07-26 22:48 UTC,Aisha Rahman,scenario.approve,scenario,7a5aba4c-af84-43ee-99ea-6033c4ea9073,{}
2026-07-26 22:48 UTC,Bilal Siddiqui,scenario.generate,scenario,7a5aba4c-af84-43ee-99ea-6033c4ea9073,"{'theme': 'executive approval request', 'channel': 'deepfake', 'prompt_instructions': None, 'provider': 'rule-based', 'model': 'deterministic-template-v1', 'persona_id': '89cd5e7a-7f02-4dce-865a-fc1f59664430', 'persona_reference': 'PSN-GROU-FINA-8C2E'}"
2026-07-26 22:48 UTC,Bilal Siddiqui,media.generate,scenario_version,45088a1f-6623-4608-8d61-23d5b5d7d643,"{'persona_id': '89cd5e7a-7f02-4dce-865a-fc1f59664430', 'voice': 'fallback_browser_tts', 'video': 'skipped'}"
2026-07-26 22:48 UTC,Bilal Siddiqui,scenario.delete,scenario,ca1a703f-cba1-4b99-9eb7-478ed8b035d2,"{'resource': 'scenario', 'resource_id': 'ca1a703f-cba1-4b99-9eb7-478ed8b035d2', 'label': 'SECTEST Scenario A-2', 'removed': {'scenario_versions': 1}}"
2026-07-26 22:48 UTC,Bilal Siddiqui,campaign.deliver,campaign,a4a46498-f43b-487c-97b4-e2c3c5113667,"{'channel': 'email', 'attempt_count': 1, 'delivered': 1}"
2026-07-26 22:47 UTC,Aisha Rahman,campaign.approve,campaign,a4a46498-f43b-487c-97b4-e2c3c5113667,{}
2026-07-26 22:47 UTC,Bilal Siddiqui,campaign.request_approval,campaign,a4a46498-f43b-487c-97b4-e2c3c5113667,{}
2026-07-26 22:47 UTC,Bilal Siddiqui,campaign.create,campaign,a4a46498-f43b-487c-97b4-e2c3c5113667,"{'name': 'Regression email 034749', 'description': None, 'channel': 'email', 'campaign_type': 'one_time', 'schedule_at': None, 'throttling_per_hour': 25, 'target_employee_ids': ['2f81d692-64de-41ac-8a3b-e18042b40071'], 'scenario_ids': ['44e27163-8d9a-439c-96e8-49f3dbad5fb4'], 'requires_second_approval': False, 'sandbox_mode': True, 'learning_objective': 'Recognize social engineering patterns.', 'target_filters': {}}"
2026-07-26 22:47 UTC,Aisha Rahman,scenario.approve,scenario,44e27163-8d9a-439c-96e8-49f3dbad5fb4,{}
2026-07-26 22:47 UTC,Bilal Siddiqui,scenario.generate,scenario,44e27163-8d9a-439c-96e8-49f3dbad5fb4,"{'theme': 'invoice/payment approval', 'channel': 'email', 'prompt_instructions': None, 'provider': 'rule-based', 'model': 'deterministic-template-v1', 'persona_id': None, 'persona_reference': None}"
2026-07-26 22:47 UTC,Rayan Khan,persona.approve,impersonation_persona,89cd5e7a-7f02-4dce-865a-fc1f59664430,{'consent_expires_at': '2026-08-25T22:47:49.547928'}
2026-07-26 22:47 UTC,Aisha Rahman,persona.create,impersonation_persona,89cd5e7a-7f02-4dce-865a-fc1f59664430,"{'display_name': 'Regression Video Persona 034749', 'is_real_person': False, 'modality': 'video_message', 'consent_reference': None}"
2026-07-26 22:47 UTC,Aisha Rahman,campaign.delete,campaign,b4772210-1cc7-4c1c-949a-87272ecbc637,"{'resource': 'campaign', 'resource_id': 'b4772210-1cc7-4c1c-949a-87272ecbc637', 'label': 'QA Vish Campaign VSH1', 'removed': {'training_completions': 2, 'training_assignments': 6, 'simulation_responses': 6, 'events': 12, 'landing_tokens': 2, 'delivery_attempts': 2, 'targets': 2, 'scenario_links': 2}, 'purged_evidence': True}"
2026-07-26 22:47 UTC,Aisha Rahman,employee.update,employee,679b1cca-f708-43d4-b40c-9ef22010360f,{'role_title': 'Tester2'}
2026-07-26 22:47 UTC,Aisha Rahman,employee.update,employee,679b1cca-f708-43d4-b40c-9ef22010360f,{'full_name': 'Deltest Person Renamed'}
2026-07-26 22:47 UTC,Aisha Rahman,campaign.pause,campaign,b4772210-1cc7-4c1c-949a-87272ecbc637,{}
2026-07-26 22:46 UTC,Aisha Rahman,campaign.launch_sandbox,campaign,b4772210-1cc7-4c1c-949a-87272ecbc637,"{'attempt_count': 2, 'channel': 'vishing'}"
2026-07-26 22:46 UTC,Aisha Rahman,campaign.approve,campaign,b4772210-1cc7-4c1c-949a-87272ecbc637,{}
2026-07-26 22:46 UTC,Aisha Rahman,campaign.request_approval,campaign,b4772210-1cc7-4c1c-949a-87272ecbc637,{}
2026-07-26 22:46 UTC,Aisha Rahman,campaign.create,campaign,b4772210-1cc7-4c1c-949a-87272ecbc637,"{'name': 'QA Vish Campaign VSH1', 'description': None, 'channel': 'vishing', 'campaign_type': 'one_time', 'schedule_at': None, 'throttling_per_hour': 25, 'target_employee_ids': ['9d69e3f0-a352-4a27-a3bd-c074944d347b', '84f05cc5-6f8c-4bdb-9381-bf4e8f999839'], 'scenario_ids': ['52ef551b-8068-46d0-a7db-08f4ab246bb3', 'a9642395-6fcb-410b-b5a9-16dd0155f814'], 'requires_second_approval': False, 'sandbox_mode': True, 'learning_objective': 'Recognize social engineering patterns.', 'target_filters': {}}"
2026-07-26 22:46 UTC,Aisha Rahman,scenario.approve,scenario,a9642395-6fcb-410b-b5a9-16dd0155f814,{}
2026-07-26 22:46 UTC,Aisha Rahman,scenario.generate,scenario,a9642395-6fcb-410b-b5a9-16dd0155f814,"{'theme': 'password reset', 'channel': 'vishing', 'prompt_instructions': None, 'provider': 'rule-based', 'model': 'deterministic-template-v1', 'persona_id': '7adb6694-7082-4974-aac1-01f874481e4e', 'persona_reference': 'PSN-SERV-DESK-733A'}"
2026-07-26 22:46 UTC,Aisha Rahman,media.generate,scenario_version,e2144bc7-f455-4c20-a2e9-1d2d86cdb14d,"{'persona_id': '7adb6694-7082-4974-aac1-01f874481e4e', 'voice': 'fallback_browser_tts', 'video': 'skipped'}"
2026-07-26 22:46 UTC,Aisha Rahman,scenario.approve,scenario,52ef551b-8068-46d0-a7db-08f4ab246bb3,{}
2026-07-26 22:46 UTC,Aisha Rahman,scenario.generate,scenario,52ef551b-8068-46d0-a7db-08f4ab246bb3,"{'theme': 'password reset', 'channel': 'vishing', 'prompt_instructions': None, 'provider': 'rule-based', 'model': 'deterministic-template-v1', 'persona_id': '7adb6694-7082-4974-aac1-01f874481e4e', 'persona_reference': 'PSN-SERV-DESK-733A'}"
2026-07-26 22:46 UTC,Aisha Rahman,media.generate,scenario_version,1b3cf613-ad17-4b6f-b93b-45b6bdca2653,"{'persona_id': '7adb6694-7082-4974-aac1-01f874481e4e', 'voice': 'fallback_browser_tts', 'video': 'skipped'}"
2026-07-26 22:46 UTC,Aisha Rahman,profile.generate,employee,84f05cc5-6f8c-4bdb-9381-bf4e8f999839,{}
2026-07-26 22:46 UTC,Aisha Rahman,employee.consent,employee,84f05cc5-6f8c-4bdb-9381-bf4e8f999839,"{'status': 'consented', 'note': 'throwaway', 'source': 'qa'}"
2026-07-26 22:46 UTC,Aisha Rahman,profile.generate,employee,9d69e3f0-a352-4a27-a3bd-c074944d347b,{}
2026-07-26 22:46 UTC,Aisha Rahman,employee.consent,employee,9d69e3f0-a352-4a27-a3bd-c074944d347b,"{'status': 'consented', 'note': 'throwaway', 'source': 'qa'}"
2026-07-26 22:46 UTC,Aisha Rahman,employee.create,employee,84f05cc5-6f8c-4bdb-9381-bf4e8f999839,{'employee_id': 'QV-VSH1-2'}
2026-07-26 22:46 UTC,Aisha Rahman,employee.create,employee,9d69e3f0-a352-4a27-a3bd-c074944d347b,{'employee_id': 'QV-VSH1-1'}
2026-07-26 22:46 UTC,Aisha Rahman,department.create,department,f938a8b6-1b34-4691-bdae-a77f9c5c72b1,"{'name': 'QA Vish VSH1', 'code': 'QAV-VSH1'}"
2026-07-26 22:45 UTC,Aisha Rahman,employee.create,employee,679b1cca-f708-43d4-b40c-9ef22010360f,{'employee_id': 'DELTEST-EMP-01'}
2026-07-26 22:45 UTC,Aisha Rahman,department.create,department,523ed4f6-5ea9-4276-b1f5-4313b6a7ce1d,"{'name': 'DELTEST Dept Two', 'code': 'DELT2'}"
2026-07-26 22:45 UTC,Aisha Rahman,department.create,department,fd5fb9bd-7be6-4a0a-bcc4-0260c13ad1da,"{'name': 'DELTEST Dept', 'code': 'DELT'}"
2026-07-26 22:45 UTC,Aisha Rahman,campaign.launch_sandbox,campaign,8e218549-676d-4468-875c-f2ae68701a42,"{'attempt_count': 2, 'channel': 'email'}"
2026-07-26 22:45 UTC,Aisha Rahman,campaign.approve,campaign,8e218549-676d-4468-875c-f2ae68701a42,{}
2026-07-26 22:45 UTC,Aisha Rahman,campaign.request_approval,campaign,8e218549-676d-4468-875c-f2ae68701a42,{}
2026-07-26 22:45 UTC,Aisha Rahman,campaign.create,campaign,8e218549-676d-4468-875c-f2ae68701a42,"{'name': 'QA Integrity Campaign INT3', 'description': None, 'channel': 'email', 'campaign_type': 'one_time', 'schedule_at': None, 'throttling_per_hour': 25, 'target_employee_ids': ['49dd00d7-019e-4ca1-98df-0a5806a32fac', '053206ea-a1c9-4b53-9c14-9e2cb45bc0e3'], 'scenario_ids': ['663f4815-39b4-4b89-8f62-caa8e32f281d', 'e3fcfeae-84a7-4f40-9035-e19f1a6f12e0'], 'requires_second_approval': False, 'sandbox_mode': True, 'learning_objective': 'integrity test', 'target_filters': {}}"
2026-07-26 22:45 UTC,Aisha Rahman,scenario.approve,scenario,e3fcfeae-84a7-4f40-9035-e19f1a6f12e0,{}
2026-07-26 22:45 UTC,Aisha Rahman,scenario.generate,scenario,e3fcfeae-84a7-4f40-9035-e19f1a6f12e0,"{'theme': 'policy update', 'channel': 'email', 'prompt_instructions': None, 'provider': 'rule-based', 'model': 'deterministic-template-v1', 'persona_id': None, 'persona_reference': None}"
2026-07-26 22:45 UTC,Aisha Rahman,scenario.approve,scenario,663f4815-39b4-4b89-8f62-caa8e32f281d,{}
2026-07-26 22:45 UTC,Aisha Rahman,scenario.generate,scenario,663f4815-39b4-4b89-8f62-caa8e32f281d,"{'theme': 'policy update', 'channel': 'email', 'prompt_instructions': None, 'provider': 'rule-based', 'model': 'deterministic-template-v1', 'persona_id': None, 'persona_reference': None}"
2026-07-26 22:45 UTC,Aisha Rahman,profile.generate,employee,49dd00d7-019e-4ca1-98df-0a5806a32fac,{}
2026-07-26 22:45 UTC,Aisha Rahman,employee.consent,employee,49dd00d7-019e-4ca1-98df-0a5806a32fac,"{'status': 'consented', 'note': 'throwaway', 'source': 'qa-integrity'}"
2026-07-26 22:45 UTC,Aisha Rahman,employee.create,employee,053206ea-a1c9-4b53-9c14-9e2cb45bc0e3,{'employee_id': 'QA-INT3-2'}
2026-07-26 22:45 UTC,Aisha Rahman,employee.create,employee,49dd00d7-019e-4ca1-98df-0a5806a32fac,{'employee_id': 'QA-INT3-1'}
2026-07-26 22:45 UTC,Aisha Rahman,department.create,department,dc9ab70e-340a-4019-93bf-3087abba5a27,"{'name': 'QA Integrity INT3', 'code': 'QAI-INT3'}"
2026-07-26 22:45 UTC,Aisha Rahman,employee.create,employee,b3de783e-d953-4c65-8f1c-ca767f386a4e,{'employee_id': 'REG034520'}
2026-07-26 22:45 UTC,Aisha Rahman,department.create,department,57928f07-5a44-4fc7-b416-d1af0892c15c,"{'name': 'RegressionDept 034520', 'code': 'RGD034520'}"
2026-07-26 22:45 UTC,Aisha Rahman,scenario.delete,scenario,468798e3-01b8-48d4-b3d0-b799c2bc2b0d,"{'resource': 'scenario', 'resource_id': '468798e3-01b8-48d4-b3d0-b799c2bc2b0d', 'label': 'Password Reset: workflow item available', 'removed': {'scenario_versions': 1}}"
2026-07-26 22:45 UTC,Aisha Rahman,campaign.delete,campaign,ee6cf0ef-86b9-427c-aec6-e2ef60f434b0,"{'resource': 'campaign', 'resource_id': 'ee6cf0ef-86b9-427c-aec6-e2ef60f434b0', 'label': 'DELTEST-B evidence campaign', 'removed': {'events': 1, 'landing_tokens': 1, 'delivery_attempts': 1, 'targets': 1, 'scenario_links': 1}, 'purged_evidence': True}"
2026-07-26 22:45 UTC,Aisha Rahman,profile.generate,employee,a2f7c218-575c-4c6d-95e0-7a93b29c43aa,{}
2026-07-26 22:45 UTC,Aisha Rahman,campaign.pause,campaign,ee6cf0ef-86b9-427c-aec6-e2ef60f434b0,{}
2026-07-26 22:45 UTC,Aisha Rahman,employee.consent,employee,a2f7c218-575c-4c6d-95e0-7a93b29c43aa,"{'status': 'consented', 'note': 'throwaway', 'source': 'qa-integrity'}"
2026-07-26 22:45 UTC,Aisha Rahman,employee.create,employee,42a8ec6c-f621-4544-b179-3dbdc4af1993,{'employee_id': 'QA-INT2-2'}
2026-07-26 22:45 UTC,Aisha Rahman,employee.create,employee,a2f7c218-575c-4c6d-95e0-7a93b29c43aa,{'employee_id': 'QA-INT2-1'}
2026-07-26 22:45 UTC,Aisha Rahman,department.create,department,9dc600c7-5a01-4f6d-98d0-48e545651672,"{'name': 'QA Integrity INT2', 'code': 'QAI-INT2'}"
2026-07-26 22:45 UTC,Aisha Rahman,campaign.deliver,campaign,ee6cf0ef-86b9-427c-aec6-e2ef60f434b0,"{'channel': 'email', 'attempt_count': 1, 'delivered': 1}"
2026-07-26 22:44 UTC,Rayan Khan,campaign.approve,campaign,ee6cf0ef-86b9-427c-aec6-e2ef60f434b0,{}
2026-07-26 22:44 UTC,Aisha Rahman,campaign.first_approval,campaign,ee6cf0ef-86b9-427c-aec6-e2ef60f434b0,{}
2026-07-26 22:44 UTC,Aisha Rahman,campaign.request_approval,campaign,ee6cf0ef-86b9-427c-aec6-e2ef60f434b0,{}
2026-07-26 22:44 UTC,Aisha Rahman,campaign.create,campaign,ee6cf0ef-86b9-427c-aec6-e2ef60f434b0,"{'name': 'DELTEST-B evidence campaign', 'description': None, 'channel': 'email', 'campaign_type': 'one_time', 'schedule_at': None, 'throttling_per_hour': 25, 'target_employee_ids': ['2f81d692-64de-41ac-8a3b-e18042b40071'], 'scenario_ids': ['468798e3-01b8-48d4-b3d0-b799c2bc2b0d'], 'requires_second_approval': True, 'sandbox_mode': True, 'learning_objective': 'Recognize social engineering patterns.', 'target_filters': {}}"
2026-07-26 22:44 UTC,Aisha Rahman,scenario.approve,scenario,468798e3-01b8-48d4-b3d0-b799c2bc2b0d,{}
2026-07-26 22:44 UTC,Aisha Rahman,scenario.generate,scenario,468798e3-01b8-48d4-b3d0-b799c2bc2b0d,"{'theme': 'password reset', 'channel': 'email', 'prompt_instructions': 'DELTEST-B', 'provider': 'rule-based', 'model': 'deterministic-template-v1', 'persona_id': None, 'persona_reference': None}"
2026-07-26 22:44 UTC,Aisha Rahman,department.create,department,49391f85-a0d3-4f2c-99cf-3654cead970a,"{'name': 'QA Integrity INT1', 'code': 'QAI-INT1'}"
2026-07-26 22:44 UTC,Bilal Siddiqui,campaign.deliver,campaign,06ad7701-a520-421f-b045-03c987690528,"{'channel': 'email', 'attempt_count': 1, 'delivered': 1}"
2026-07-26 22:44 UTC,Aisha Rahman,campaign.approve,campaign,06ad7701-a520-421f-b045-03c987690528,{}
2026-07-26 22:44 UTC,Bilal Siddiqui,campaign.request_approval,campaign,06ad7701-a520-421f-b045-03c987690528,{}
2026-07-26 22:44 UTC,Bilal Siddiqui,campaign.create,campaign,06ad7701-a520-421f-b045-03c987690528,"{'name': 'Regression email 034415', 'description': None, 'channel': 'email', 'campaign_type': 'one_time', 'schedule_at': None, 'throttling_per_hour': 25, 'target_employee_ids': ['2f81d692-64de-41ac-8a3b-e18042b40071'], 'scenario_ids': ['6596a46b-6945-46de-afd1-5cab33193857'], 'requires_second_approval': False, 'sandbox_mode': True, 'learning_objective': 'Recognize social engineering patterns.', 'target_filters': {}}"
2026-07-26 22:44 UTC,Aisha Rahman,scenario.approve,scenario,6596a46b-6945-46de-afd1-5cab33193857,{}
2026-07-26 22:44 UTC,Bilal Siddiqui,scenario.generate,scenario,6596a46b-6945-46de-afd1-5cab33193857,"{'theme': 'invoice/payment approval', 'channel': 'email', 'prompt_instructions': None, 'provider': 'rule-based', 'model': 'deterministic-template-v1', 'persona_id': None, 'persona_reference': None}"
2026-07-26 22:44 UTC,Rayan Khan,persona.approve,impersonation_persona,1acb0ea6-8247-4ecc-9071-c224ab70cc03,{'consent_expires_at': '2026-08-25T22:44:16.321402'}
2026-07-26 22:44 UTC,Aisha Rahman,persona.create,impersonation_persona,1acb0ea6-8247-4ecc-9071-c224ab70cc03,"{'display_name': 'Regression Video Persona 034415', 'is_real_person': False, 'modality': 'video_message', 'consent_reference': None}"
2026-07-26 22:44 UTC,Aisha Rahman,department.create,department,db78419c-c746-4a00-b2dd-43fdb0c1b9c1,"{'name': 'RegressionDept 034415', 'code': 'RGD034415'}"
2026-07-26 22:44 UTC,Aisha Rahman,scenario.delete,scenario,49bb15f9-113e-44e9-a031-36fc290550b9,"{'resource': 'scenario', 'resource_id': '49bb15f9-113e-44e9-a031-36fc290550b9', 'label': 'Policy Update: workflow item available', 'removed': {'scenario_versions': 1}}"
2026-07-26 22:44 UTC,Aisha Rahman,campaign.delete,campaign,e79cc541-9275-4188-b72b-8cffab322e25,"{'resource': 'campaign', 'resource_id': 'e79cc541-9275-4188-b72b-8cffab322e25', 'label': 'DELTEST-A campaign (throwaway)', 'removed': {'targets': 1, 'scenario_links': 1}, 'purged_evidence': False}"
2026-07-26 22:44 UTC,Aisha Rahman,campaign.create,campaign,e79cc541-9275-4188-b72b-8cffab322e25,"{'name': 'DELTEST-A campaign (throwaway)', 'description': None, 'channel': 'email', 'campaign_type': 'one_time', 'schedule_at': None, 'throttling_per_hour': 25, 'target_employee_ids': ['2f81d692-64de-41ac-8a3b-e18042b40071'], 'scenario_ids': ['49bb15f9-113e-44e9-a031-36fc290550b9'], 'requires_second_approval': True, 'sandbox_mode': True, 'learning_objective': 'Recognize social engineering patterns.', 'target_filters': {}}"
2026-07-26 22:44 UTC,Aisha Rahman,scenario.generate,scenario,49bb15f9-113e-44e9-a031-36fc290550b9,"{'theme': 'policy update', 'channel': 'email', 'prompt_instructions': 'DELTEST-A', 'provider': 'rule-based', 'model': 'deterministic-template-v1', 'persona_id': None, 'persona_reference': None}"
2026-07-26 22:42 UTC,Bilal Siddiqui,scenario.delete,scenario,c9d6e1df-743a-4b31-abe4-b39bea62ae79,"{'resource': 'scenario', 'resource_id': 'c9d6e1df-743a-4b31-abe4-b39bea62ae79', 'label': 'Document Review: workflow item available', 'removed': {'scenario_versions': 1}}"
2026-07-26 22:42 UTC,Aisha Rahman,campaign.delete,campaign,0faec1f6-5573-485a-8762-8c1f7c17a73f,"{'resource': 'campaign', 'resource_id': '0faec1f6-5573-485a-8762-8c1f7c17a73f', 'label': 'guardrail probe', 'removed': {'targets': 1, 'scenario_links': 1}, 'purged_evidence': False}"
2026-07-26 22:42 UTC,Bilal Siddiqui,campaign.create,campaign,0faec1f6-5573-485a-8762-8c1f7c17a73f,"{'name': 'guardrail probe', 'description': None, 'channel': 'email', 'campaign_type': 'one_time', 'schedule_at': None, 'throttling_per_hour': 25, 'target_employee_ids': ['2f81d692-64de-41ac-8a3b-e18042b40071'], 'scenario_ids': ['c9d6e1df-743a-4b31-abe4-b39bea62ae79'], 'requires_second_approval': False, 'sandbox_mode': True, 'learning_objective': 'Recognize social engineering patterns.', 'target_filters': {}}"
2026-07-26 22:42 UTC,Aisha Rahman,scenario.approve,scenario,c9d6e1df-743a-4b31-abe4-b39bea62ae79,{}
2026-07-26 22:42 UTC,Bilal Siddiqui,scenario.generate,scenario,c9d6e1df-743a-4b31-abe4-b39bea62ae79,"{'theme': 'document review', 'channel': 'email', 'prompt_instructions': None, 'provider': 'rule-based', 'model': 'deterministic-template-v1', 'persona_id': None, 'persona_reference': None}"
2026-07-26 22:42 UTC,Bilal Siddiqui,campaign.deliver,campaign,632751fd-6831-4e46-a7e6-c5e013d04116,"{'channel': 'deepfake', 'attempt_count': 1, 'delivered': 0}"
2026-07-26 22:42 UTC,Aisha Rahman,campaign.approve,campaign,632751fd-6831-4e46-a7e6-c5e013d04116,{}
2026-07-26 22:42 UTC,Bilal Siddiqui,campaign.request_approval,campaign,632751fd-6831-4e46-a7e6-c5e013d04116,{}
2026-07-26 22:42 UTC,Bilal Siddiqui,campaign.create,campaign,632751fd-6831-4e46-a7e6-c5e013d04116,"{'name': 'Verify deepfake', 'description': None, 'channel': 'deepfake', 'campaign_type': 'one_time', 'schedule_at': None, 'throttling_per_hour': 25, 'target_employee_ids': ['2f81d692-64de-41ac-8a3b-e18042b40071'], 'scenario_ids': ['c50fa605-3e98-4c44-a6da-653d0de3976c'], 'requires_second_approval': False, 'sandbox_mode': True, 'learning_objective': 'Recognize social engineering patterns.', 'target_filters': {}}"
2026-07-26 22:42 UTC,Aisha Rahman,scenario.approve,scenario,c50fa605-3e98-4c44-a6da-653d0de3976c,{}
2026-07-26 22:42 UTC,Bilal Siddiqui,scenario.generate,scenario,c50fa605-3e98-4c44-a6da-653d0de3976c,"{'theme': 'executive approval request', 'channel': 'deepfake', 'prompt_instructions': None, 'provider': 'rule-based', 'model': 'deterministic-template-v1', 'persona_id': '83dbeb61-5016-491d-89e2-bf9ae5be71db', 'persona_reference': 'PSN-GROU-FINA-A47B'}"
2026-07-26 22:42 UTC,Bilal Siddiqui,media.generate,scenario_version,6d2614f1-2365-406b-94d4-29df23c04f61,"{'persona_id': '83dbeb61-5016-491d-89e2-bf9ae5be71db', 'voice': 'fallback_browser_tts', 'video': 'skipped'}"
2026-07-26 22:42 UTC,Bilal Siddiqui,campaign.deliver,campaign,6d36784f-bb71-44e6-9fb0-dd8a17e670f5,"{'channel': 'vishing', 'attempt_count': 1, 'delivered': 0}"
2026-07-26 22:42 UTC,Aisha Rahman,campaign.approve,campaign,6d36784f-bb71-44e6-9fb0-dd8a17e670f5,{}
2026-07-26 22:42 UTC,Bilal Siddiqui,campaign.request_approval,campaign,6d36784f-bb71-44e6-9fb0-dd8a17e670f5,{}
2026-07-26 22:42 UTC,Bilal Siddiqui,campaign.create,campaign,6d36784f-bb71-44e6-9fb0-dd8a17e670f5,"{'name': 'Verify vishing', 'description': None, 'channel': 'vishing', 'campaign_type': 'one_time', 'schedule_at': None, 'throttling_per_hour': 25, 'target_employee_ids': ['2f81d692-64de-41ac-8a3b-e18042b40071'], 'scenario_ids': ['1c1dea67-31f8-44d1-b1fe-670e35deba06'], 'requires_second_approval': False, 'sandbox_mode': True, 'learning_objective': 'Recognize social engineering patterns.', 'target_filters': {}}"
2026-07-26 22:42 UTC,Aisha Rahman,scenario.approve,scenario,1c1dea67-31f8-44d1-b1fe-670e35deba06,{}
2026-07-26 22:42 UTC,Bilal Siddiqui,scenario.generate,scenario,1c1dea67-31f8-44d1-b1fe-670e35deba06,"{'theme': 'password reset', 'channel': 'vishing', 'prompt_instructions': None, 'provider': 'rule-based', 'model': 'deterministic-template-v1', 'persona_id': '7adb6694-7082-4974-aac1-01f874481e4e', 'persona_reference': 'PSN-SERV-DESK-733A'}"
2026-07-26 22:42 UTC,Bilal Siddiqui,media.generate,scenario_version,5dadf51d-9fe7-48b0-9a33-00f92f520f9e,"{'persona_id': '7adb6694-7082-4974-aac1-01f874481e4e', 'voice': 'fallback_browser_tts', 'video': 'skipped'}"
2026-07-26 22:42 UTC,Bilal Siddiqui,campaign.deliver,campaign,7c7616ae-f573-4705-a47c-ca44fe3ca1c8,"{'channel': 'qr', 'attempt_count': 1, 'delivered': 0}"
2026-07-26 22:42 UTC,Aisha Rahman,campaign.approve,campaign,7c7616ae-f573-4705-a47c-ca44fe3ca1c8,{}
2026-07-26 22:42 UTC,Bilal Siddiqui,campaign.request_approval,campaign,7c7616ae-f573-4705-a47c-ca44fe3ca1c8,{}
2026-07-26 22:42 UTC,Bilal Siddiqui,campaign.create,campaign,7c7616ae-f573-4705-a47c-ca44fe3ca1c8,"{'name': 'Verify qr', 'description': None, 'channel': 'qr', 'campaign_type': 'one_time', 'schedule_at': None, 'throttling_per_hour': 25, 'target_employee_ids': ['2f81d692-64de-41ac-8a3b-e18042b40071'], 'scenario_ids': ['90837e6d-cb71-479b-83c5-892129c4d9c4'], 'requires_second_approval': False, 'sandbox_mode': True, 'learning_objective': 'Recognize social engineering patterns.', 'target_filters': {}}"
2026-07-26 22:42 UTC,Aisha Rahman,scenario.approve,scenario,90837e6d-cb71-479b-83c5-892129c4d9c4,{}
2026-07-26 22:42 UTC,Bilal Siddiqui,scenario.generate,scenario,90837e6d-cb71-479b-83c5-892129c4d9c4,"{'theme': 'qr verification', 'channel': 'qr', 'prompt_instructions': None, 'provider': 'rule-based', 'model': 'deterministic-template-v1', 'persona_id': None, 'persona_reference': None}"
2026-07-26 22:42 UTC,Bilal Siddiqui,campaign.deliver,campaign,f4c94d58-bb8a-425f-a28f-1864c2b60d79,"{'channel': 'sms', 'attempt_count': 1, 'delivered': 0}"
2026-07-26 22:42 UTC,Aisha Rahman,campaign.approve,campaign,f4c94d58-bb8a-425f-a28f-1864c2b60d79,{}
2026-07-26 22:42 UTC,Bilal Siddiqui,campaign.request_approval,campaign,f4c94d58-bb8a-425f-a28f-1864c2b60d79,{}
2026-07-26 22:42 UTC,Bilal Siddiqui,campaign.create,campaign,f4c94d58-bb8a-425f-a28f-1864c2b60d79,"{'name': 'Verify sms', 'description': None, 'channel': 'sms', 'campaign_type': 'one_time', 'schedule_at': None, 'throttling_per_hour': 25, 'target_employee_ids': ['2f81d692-64de-41ac-8a3b-e18042b40071'], 'scenario_ids': ['cf7f0892-5927-4e18-b10c-e1c2ef8dcc9b'], 'requires_second_approval': False, 'sandbox_mode': True, 'learning_objective': 'Recognize social engineering patterns.', 'target_filters': {}}"
2026-07-26 22:42 UTC,Aisha Rahman,scenario.approve,scenario,cf7f0892-5927-4e18-b10c-e1c2ef8dcc9b,{}
2026-07-26 22:42 UTC,Bilal Siddiqui,scenario.generate,scenario,cf7f0892-5927-4e18-b10c-e1c2ef8dcc9b,"{'theme': 'policy update', 'channel': 'sms', 'prompt_instructions': None, 'provider': 'rule-based', 'model': 'deterministic-template-v1', 'persona_id': None, 'persona_reference': None}"
2026-07-26 22:42 UTC,Bilal Siddiqui,campaign.deliver,campaign,5f0fd55b-3273-461f-a694-2c085606bf9c,"{'channel': 'email', 'attempt_count': 1, 'delivered': 1}"
2026-07-26 22:42 UTC,Aisha Rahman,campaign.approve,campaign,5f0fd55b-3273-461f-a694-2c085606bf9c,{}
2026-07-26 22:42 UTC,Bilal Siddiqui,campaign.request_approval,campaign,5f0fd55b-3273-461f-a694-2c085606bf9c,{}
2026-07-26 22:42 UTC,Bilal Siddiqui,campaign.create,campaign,5f0fd55b-3273-461f-a694-2c085606bf9c,"{'name': 'Verify email', 'description': None, 'channel': 'email', 'campaign_type': 'one_time', 'schedule_at': None, 'throttling_per_hour': 25, 'target_employee_ids': ['2f81d692-64de-41ac-8a3b-e18042b40071'], 'scenario_ids': ['30609330-617e-460c-be5c-ab0ec60a53fc'], 'requires_second_approval': False, 'sandbox_mode': True, 'learning_objective': 'Recognize social engineering patterns.', 'target_filters': {}}"
2026-07-26 22:42 UTC,Aisha Rahman,scenario.approve,scenario,30609330-617e-460c-be5c-ab0ec60a53fc,{}
2026-07-26 22:42 UTC,Bilal Siddiqui,scenario.generate,scenario,30609330-617e-460c-be5c-ab0ec60a53fc,"{'theme': 'invoice/payment approval', 'channel': 'email', 'prompt_instructions': None, 'provider': 'rule-based', 'model': 'deterministic-template-v1', 'persona_id': None, 'persona_reference': None}"
2026-07-26 22:15 UTC,Aisha Rahman,scenario.generate,scenario,25141256-ea2b-438c-9671-764fab1b52ef,"{'theme': 'invoice/payment approval', 'channel': 'sms', 'prompt_instructions': ""Make it look like a normal internal workflow notification for this employee's role. Keep the initial message realistic and concise."", 'provider': 'rule-based', 'model': 'deterministic-template-v1', 'persona_id': None, 'persona_reference': None}"
2026-07-26 22:00 UTC,Bilal Siddiqui,campaign.deliver,campaign,30200846-5aee-451b-a068-9c99067d40c1,"{'channel': 'qr', 'attempt_count': 1, 'delivered': 0}"
2026-07-26 22:00 UTC,Aisha Rahman,campaign.approve,campaign,30200846-5aee-451b-a068-9c99067d40c1,{}
2026-07-26 22:00 UTC,Bilal Siddiqui,campaign.request_approval,campaign,30200846-5aee-451b-a068-9c99067d40c1,{}
2026-07-26 22:00 UTC,Bilal Siddiqui,campaign.create,campaign,30200846-5aee-451b-a068-9c99067d40c1,"{'name': 'track-qr', 'description': None, 'channel': 'qr', 'campaign_type': 'one_time', 'schedule_at': None, 'throttling_per_hour': 25, 'target_employee_ids': ['2f81d692-64de-41ac-8a3b-e18042b40071'], 'scenario_ids': ['a978a34e-235d-4db6-ae05-77b5a831e00c'], 'requires_second_approval': False, 'sandbox_mode': True, 'learning_objective': 'Recognize social engineering patterns.', 'target_filters': {}}"
2026-07-26 22:00 UTC,Aisha Rahman,scenario.approve,scenario,a978a34e-235d-4db6-ae05-77b5a831e00c,{}
2026-07-26 22:00 UTC,Bilal Siddiqui,scenario.generate,scenario,a978a34e-235d-4db6-ae05-77b5a831e00c,"{'theme': 'qr verification', 'channel': 'qr', 'prompt_instructions': None, 'provider': 'rule-based', 'model': 'deterministic-template-v1', 'persona_id': None, 'persona_reference': None}"
2026-07-26 22:00 UTC,Bilal Siddiqui,campaign.deliver,campaign,bc9b6470-309d-479d-a818-ec4ed0e43b8c,"{'channel': 'email', 'attempt_count': 1, 'delivered': 1}"
2026-07-26 22:00 UTC,Aisha Rahman,campaign.approve,campaign,bc9b6470-309d-479d-a818-ec4ed0e43b8c,{}
2026-07-26 22:00 UTC,Bilal Siddiqui,campaign.request_approval,campaign,bc9b6470-309d-479d-a818-ec4ed0e43b8c,{}
2026-07-26 22:00 UTC,Bilal Siddiqui,campaign.create,campaign,bc9b6470-309d-479d-a818-ec4ed0e43b8c,"{'name': 'track-email', 'description': None, 'channel': 'email', 'campaign_type': 'one_time', 'schedule_at': None, 'throttling_per_hour': 25, 'target_employee_ids': ['2f81d692-64de-41ac-8a3b-e18042b40071'], 'scenario_ids': ['a273ce45-2bae-4066-9700-9801599ad5a1'], 'requires_second_approval': False, 'sandbox_mode': True, 'learning_objective': 'Recognize social engineering patterns.', 'target_filters': {}}"
2026-07-26 22:00 UTC,Aisha Rahman,scenario.approve,scenario,a273ce45-2bae-4066-9700-9801599ad5a1,{}
2026-07-26 22:00 UTC,Bilal Siddiqui,scenario.generate,scenario,a273ce45-2bae-4066-9700-9801599ad5a1,"{'theme': 'document review', 'channel': 'email', 'prompt_instructions': None, 'provider': 'rule-based', 'model': 'deterministic-template-v1', 'persona_id': None, 'persona_reference': None}"
2026-07-26 21:55 UTC,Bilal Siddiqui,campaign.deliver,campaign,447c0c7c-2259-4706-92d1-727a4125707b,"{'channel': 'deepfake', 'attempt_count': 1, 'delivered': 0}"
2026-07-26 21:55 UTC,Aisha Rahman,campaign.approve,campaign,447c0c7c-2259-4706-92d1-727a4125707b,{}
2026-07-26 21:55 UTC,Bilal Siddiqui,campaign.request_approval,campaign,447c0c7c-2259-4706-92d1-727a4125707b,{}
2026-07-26 21:55 UTC,Bilal Siddiqui,campaign.create,campaign,447c0c7c-2259-4706-92d1-727a4125707b,"{'name': 'Verify deepfake', 'description': None, 'channel': 'deepfake', 'campaign_type': 'one_time', 'schedule_at': None, 'throttling_per_hour': 25, 'target_employee_ids': ['2f81d692-64de-41ac-8a3b-e18042b40071'], 'scenario_ids': ['f81d44c0-d9fe-4400-aacc-a2fee8906413'], 'requires_second_approval': False, 'sandbox_mode': True, 'learning_objective': 'Recognize social engineering patterns.', 'target_filters': {}}"
2026-07-26 21:55 UTC,Aisha Rahman,scenario.approve,scenario,f81d44c0-d9fe-4400-aacc-a2fee8906413,{}
2026-07-26 21:55 UTC,Bilal Siddiqui,scenario.generate,scenario,f81d44c0-d9fe-4400-aacc-a2fee8906413,"{'theme': 'executive approval request', 'channel': 'deepfake', 'prompt_instructions': None, 'provider': 'rule-based', 'model': 'deterministic-template-v1', 'persona_id': '83dbeb61-5016-491d-89e2-bf9ae5be71db', 'persona_reference': 'PSN-GROU-FINA-A47B'}"
2026-07-26 21:55 UTC,Bilal Siddiqui,media.generate,scenario_version,83917fd1-ac5a-432c-b874-fb00a1195bca,"{'persona_id': '83dbeb61-5016-491d-89e2-bf9ae5be71db', 'voice': 'fallback_browser_tts', 'video': 'skipped'}"
2026-07-26 21:55 UTC,Bilal Siddiqui,campaign.deliver,campaign,6ca8aa34-1cd0-445a-975c-0e7b7125f582,"{'channel': 'vishing', 'attempt_count': 1, 'delivered': 0}"
2026-07-26 21:55 UTC,Aisha Rahman,campaign.approve,campaign,6ca8aa34-1cd0-445a-975c-0e7b7125f582,{}
2026-07-26 21:55 UTC,Bilal Siddiqui,campaign.request_approval,campaign,6ca8aa34-1cd0-445a-975c-0e7b7125f582,{}
2026-07-26 21:55 UTC,Bilal Siddiqui,campaign.create,campaign,6ca8aa34-1cd0-445a-975c-0e7b7125f582,"{'name': 'Verify vishing', 'description': None, 'channel': 'vishing', 'campaign_type': 'one_time', 'schedule_at': None, 'throttling_per_hour': 25, 'target_employee_ids': ['2f81d692-64de-41ac-8a3b-e18042b40071'], 'scenario_ids': ['3dff6d3c-cf1b-460b-80c7-e770bf1c0ade'], 'requires_second_approval': False, 'sandbox_mode': True, 'learning_objective': 'Recognize social engineering patterns.', 'target_filters': {}}"
2026-07-26 21:55 UTC,Aisha Rahman,scenario.approve,scenario,3dff6d3c-cf1b-460b-80c7-e770bf1c0ade,{}
2026-07-26 21:55 UTC,Bilal Siddiqui,scenario.generate,scenario,3dff6d3c-cf1b-460b-80c7-e770bf1c0ade,"{'theme': 'password reset', 'channel': 'vishing', 'prompt_instructions': None, 'provider': 'rule-based', 'model': 'deterministic-template-v1', 'persona_id': '7adb6694-7082-4974-aac1-01f874481e4e', 'persona_reference': 'PSN-SERV-DESK-733A'}"
2026-07-26 21:55 UTC,Bilal Siddiqui,media.generate,scenario_version,f446004f-d058-4c52-9a0a-3baec4ff0ee6,"{'persona_id': '7adb6694-7082-4974-aac1-01f874481e4e', 'voice': 'fallback_browser_tts', 'video': 'skipped'}"
2026-07-26 21:55 UTC,Bilal Siddiqui,campaign.deliver,campaign,21530350-d5ef-4d06-af6a-948151352d26,"{'channel': 'qr', 'attempt_count': 1, 'delivered': 0}"
2026-07-26 21:55 UTC,Aisha Rahman,campaign.approve,campaign,21530350-d5ef-4d06-af6a-948151352d26,{}
2026-07-26 21:55 UTC,Bilal Siddiqui,campaign.request_approval,campaign,21530350-d5ef-4d06-af6a-948151352d26,{}
2026-07-26 21:55 UTC,Bilal Siddiqui,campaign.create,campaign,21530350-d5ef-4d06-af6a-948151352d26,"{'name': 'Verify qr', 'description': None, 'channel': 'qr', 'campaign_type': 'one_time', 'schedule_at': None, 'throttling_per_hour': 25, 'target_employee_ids': ['2f81d692-64de-41ac-8a3b-e18042b40071'], 'scenario_ids': ['bb18dfea-bd5f-4cc6-a94a-e92788194635'], 'requires_second_approval': False, 'sandbox_mode': True, 'learning_objective': 'Recognize social engineering patterns.', 'target_filters': {}}"
2026-07-26 21:55 UTC,Aisha Rahman,scenario.approve,scenario,bb18dfea-bd5f-4cc6-a94a-e92788194635,{}
2026-07-26 21:55 UTC,Bilal Siddiqui,scenario.generate,scenario,bb18dfea-bd5f-4cc6-a94a-e92788194635,"{'theme': 'qr verification', 'channel': 'qr', 'prompt_instructions': None, 'provider': 'rule-based', 'model': 'deterministic-template-v1', 'persona_id': None, 'persona_reference': None}"
2026-07-26 21:55 UTC,Bilal Siddiqui,campaign.deliver,campaign,c5e55213-c2eb-4135-9569-12ebe87c248d,"{'channel': 'sms', 'attempt_count': 1, 'delivered': 0}"
2026-07-26 21:55 UTC,Aisha Rahman,campaign.approve,campaign,c5e55213-c2eb-4135-9569-12ebe87c248d,{}
2026-07-26 21:55 UTC,Bilal Siddiqui,campaign.request_approval,campaign,c5e55213-c2eb-4135-9569-12ebe87c248d,{}
2026-07-26 21:55 UTC,Bilal Siddiqui,campaign.create,campaign,c5e55213-c2eb-4135-9569-12ebe87c248d,"{'name': 'Verify sms', 'description': None, 'channel': 'sms', 'campaign_type': 'one_time', 'schedule_at': None, 'throttling_per_hour': 25, 'target_employee_ids': ['2f81d692-64de-41ac-8a3b-e18042b40071'], 'scenario_ids': ['67d86969-7cd3-4d9e-9a36-d3d06d091617'], 'requires_second_approval': False, 'sandbox_mode': True, 'learning_objective': 'Recognize social engineering patterns.', 'target_filters': {}}"
2026-07-26 21:55 UTC,Aisha Rahman,scenario.approve,scenario,67d86969-7cd3-4d9e-9a36-d3d06d091617,{}
2026-07-26 21:55 UTC,Bilal Siddiqui,scenario.generate,scenario,67d86969-7cd3-4d9e-9a36-d3d06d091617,"{'theme': 'policy update', 'channel': 'sms', 'prompt_instructions': None, 'provider': 'rule-based', 'model': 'deterministic-template-v1', 'persona_id': None, 'persona_reference': None}"
2026-07-26 21:55 UTC,Bilal Siddiqui,campaign.deliver,campaign,0c4cfd60-89ac-4bac-8936-e311c5caebff,"{'channel': 'email', 'attempt_count': 1, 'delivered': 1}"
2026-07-26 21:55 UTC,Aisha Rahman,campaign.approve,campaign,0c4cfd60-89ac-4bac-8936-e311c5caebff,{}
2026-07-26 21:55 UTC,Bilal Siddiqui,campaign.request_approval,campaign,0c4cfd60-89ac-4bac-8936-e311c5caebff,{}
2026-07-26 21:55 UTC,Bilal Siddiqui,campaign.create,campaign,0c4cfd60-89ac-4bac-8936-e311c5caebff,"{'name': 'Verify email', 'description': None, 'channel': 'email', 'campaign_type': 'one_time', 'schedule_at': None, 'throttling_per_hour': 25, 'target_employee_ids': ['2f81d692-64de-41ac-8a3b-e18042b40071'], 'scenario_ids': ['e1cc6ac0-26a8-4389-b346-7d103692552f'], 'requires_second_approval': False, 'sandbox_mode': True, 'learning_objective': 'Recognize social engineering patterns.', 'target_filters': {}}"
2026-07-26 21:55 UTC,Aisha Rahman,scenario.approve,scenario,e1cc6ac0-26a8-4389-b346-7d103692552f,{}
2026-07-26 21:55 UTC,Bilal Siddiqui,scenario.generate,scenario,e1cc6ac0-26a8-4389-b346-7d103692552f,"{'theme': 'invoice/payment approval', 'channel': 'email', 'prompt_instructions': None, 'provider': 'rule-based', 'model': 'deterministic-template-v1', 'persona_id': None, 'persona_reference': None}"
2026-07-26 21:44 UTC,Aisha Rahman,persona.face_enrolled,impersonation_persona,1fb7cb44-476a-4340-999c-a42a085adac5,"{'consent_reference': 'HR-AUTH-2026-CEO-01', 'byte_size': 903}"
2026-07-26 21:44 UTC,Aisha Rahman,persona.voice_enrolled,impersonation_persona,1fb7cb44-476a-4340-999c-a42a085adac5,"{'provider': 'stored-only', 'voice_ref': None, 'consent_reference': 'HR-AUTH-2026-CEO-01', 'byte_size': 1400}"
2026-07-26 21:44 UTC,Aisha Rahman,persona.create,impersonation_persona,1fb7cb44-476a-4340-999c-a42a085adac5,"{'display_name': 'Ayesha Malik (CEO)', 'is_real_person': True, 'modality': 'video_message', 'consent_reference': 'HR-AUTH-2026-CEO-01'}"
2026-07-26 21:44 UTC,Aisha Rahman,integration.impersonation.update,organization,350e50a9-127f-4c65-8356-930ef868d1ff,"{'impersonation_enabled': True, 'voice_provider_mode': 'simulator'}"
2026-07-26 21:33 UTC,Bilal Siddiqui,media.generate,scenario_version,a6a7b6e1-ee77-4d48-98b0-d72b07d62148,"{'persona_id': 'fc112d6d-3cdc-40ce-95de-6e547d8dc9b2', 'voice': 'stock_voice', 'video': 'skipped'}"
2026-07-26 21:15 UTC,Bilal Siddiqui,campaign.deliver,campaign,6c80e57e-127d-4767-859b-dec28c2f40ca,"{'channel': 'deepfake', 'attempt_count': 1, 'delivered': 0}"
2026-07-26 21:15 UTC,Aisha Rahman,campaign.approve,campaign,6c80e57e-127d-4767-859b-dec28c2f40ca,{}
2026-07-26 21:15 UTC,Bilal Siddiqui,campaign.request_approval,campaign,6c80e57e-127d-4767-859b-dec28c2f40ca,{}
2026-07-26 21:15 UTC,Bilal Siddiqui,campaign.create,campaign,6c80e57e-127d-4767-859b-dec28c2f40ca,"{'name': 'Verify deepfake', 'description': None, 'channel': 'deepfake', 'campaign_type': 'one_time', 'schedule_at': None, 'throttling_per_hour': 25, 'target_employee_ids': ['2f81d692-64de-41ac-8a3b-e18042b40071'], 'scenario_ids': ['9edd8a16-8fec-4110-aef0-5ee9f094502c'], 'requires_second_approval': False, 'sandbox_mode': True, 'learning_objective': 'Recognize social engineering patterns.', 'target_filters': {}}"
2026-07-26 21:15 UTC,Aisha Rahman,scenario.approve,scenario,9edd8a16-8fec-4110-aef0-5ee9f094502c,{}
2026-07-26 21:15 UTC,Bilal Siddiqui,scenario.generate,scenario,9edd8a16-8fec-4110-aef0-5ee9f094502c,"{'theme': 'executive approval request', 'channel': 'deepfake', 'prompt_instructions': None, 'provider': 'rule-based', 'model': 'deterministic-template-v1', 'persona_id': '83dbeb61-5016-491d-89e2-bf9ae5be71db', 'persona_reference': 'PSN-GROU-FINA-A47B'}"
2026-07-26 21:15 UTC,Bilal Siddiqui,campaign.deliver,campaign,236d7a58-33d4-41d6-a455-94332a069932,"{'channel': 'vishing', 'attempt_count': 1, 'delivered': 0}"
2026-07-26 21:15 UTC,Aisha Rahman,campaign.approve,campaign,236d7a58-33d4-41d6-a455-94332a069932,{}
2026-07-26 21:15 UTC,Bilal Siddiqui,campaign.request_approval,campaign,236d7a58-33d4-41d6-a455-94332a069932,{}
2026-07-26 21:15 UTC,Bilal Siddiqui,campaign.create,campaign,236d7a58-33d4-41d6-a455-94332a069932,"{'name': 'Verify vishing', 'description': None, 'channel': 'vishing', 'campaign_type': 'one_time', 'schedule_at': None, 'throttling_per_hour': 25, 'target_employee_ids': ['2f81d692-64de-41ac-8a3b-e18042b40071'], 'scenario_ids': ['ad9ccba2-8136-47e1-9964-9e1c54cd5205'], 'requires_second_approval': False, 'sandbox_mode': True, 'learning_objective': 'Recognize social engineering patterns.', 'target_filters': {}}"
2026-07-26 21:15 UTC,Aisha Rahman,scenario.approve,scenario,ad9ccba2-8136-47e1-9964-9e1c54cd5205,{}
2026-07-26 21:15 UTC,Bilal Siddiqui,scenario.generate,scenario,ad9ccba2-8136-47e1-9964-9e1c54cd5205,"{'theme': 'password reset', 'channel': 'vishing', 'prompt_instructions': None, 'provider': 'rule-based', 'model': 'deterministic-template-v1', 'persona_id': '7adb6694-7082-4974-aac1-01f874481e4e', 'persona_reference': 'PSN-SERV-DESK-733A'}"
2026-07-26 21:15 UTC,Bilal Siddiqui,campaign.deliver,campaign,26678c67-eac6-4a9c-a6fe-7ff526ca44ca,"{'channel': 'qr', 'attempt_count': 1, 'delivered': 0}"
2026-07-26 21:15 UTC,Aisha Rahman,campaign.approve,campaign,26678c67-eac6-4a9c-a6fe-7ff526ca44ca,{}
2026-07-26 21:15 UTC,Bilal Siddiqui,campaign.request_approval,campaign,26678c67-eac6-4a9c-a6fe-7ff526ca44ca,{}
2026-07-26 21:15 UTC,Bilal Siddiqui,campaign.create,campaign,26678c67-eac6-4a9c-a6fe-7ff526ca44ca,"{'name': 'Verify qr', 'description': None, 'channel': 'qr', 'campaign_type': 'one_time', 'schedule_at': None, 'throttling_per_hour': 25, 'target_employee_ids': ['2f81d692-64de-41ac-8a3b-e18042b40071'], 'scenario_ids': ['ccf8a459-6847-4104-8d29-dd6701c243ad'], 'requires_second_approval': False, 'sandbox_mode': True, 'learning_objective': 'Recognize social engineering patterns.', 'target_filters': {}}"
2026-07-26 21:15 UTC,Aisha Rahman,scenario.approve,scenario,ccf8a459-6847-4104-8d29-dd6701c243ad,{}
2026-07-26 21:15 UTC,Bilal Siddiqui,scenario.generate,scenario,ccf8a459-6847-4104-8d29-dd6701c243ad,"{'theme': 'qr verification', 'channel': 'qr', 'prompt_instructions': None, 'provider': 'rule-based', 'model': 'deterministic-template-v1', 'persona_id': None, 'persona_reference': None}"
2026-07-26 21:15 UTC,Bilal Siddiqui,campaign.deliver,campaign,c70ed1a2-c521-47ef-9c49-dbdb36fd5780,"{'channel': 'sms', 'attempt_count': 1, 'delivered': 0}"
2026-07-26 21:15 UTC,Aisha Rahman,campaign.approve,campaign,c70ed1a2-c521-47ef-9c49-dbdb36fd5780,{}
2026-07-26 21:15 UTC,Bilal Siddiqui,campaign.request_approval,campaign,c70ed1a2-c521-47ef-9c49-dbdb36fd5780,{}
2026-07-26 21:15 UTC,Bilal Siddiqui,campaign.create,campaign,c70ed1a2-c521-47ef-9c49-dbdb36fd5780,"{'name': 'Verify sms', 'description': None, 'channel': 'sms', 'campaign_type': 'one_time', 'schedule_at': None, 'throttling_per_hour': 25, 'target_employee_ids': ['2f81d692-64de-41ac-8a3b-e18042b40071'], 'scenario_ids': ['60569a07-25d0-4f18-aa32-4a324e139133'], 'requires_second_approval': False, 'sandbox_mode': True, 'learning_objective': 'Recognize social engineering patterns.', 'target_filters': {}}"
2026-07-26 21:15 UTC,Aisha Rahman,scenario.approve,scenario,60569a07-25d0-4f18-aa32-4a324e139133,{}
2026-07-26 21:15 UTC,Bilal Siddiqui,scenario.generate,scenario,60569a07-25d0-4f18-aa32-4a324e139133,"{'theme': 'policy update', 'channel': 'sms', 'prompt_instructions': None, 'provider': 'rule-based', 'model': 'deterministic-template-v1', 'persona_id': None, 'persona_reference': None}"
2026-07-26 21:15 UTC,Bilal Siddiqui,campaign.deliver,campaign,70a4e957-4548-4e00-a2f9-f640e886fd35,"{'channel': 'email', 'attempt_count': 1, 'delivered': 1}"
2026-07-26 21:15 UTC,Aisha Rahman,campaign.approve,campaign,70a4e957-4548-4e00-a2f9-f640e886fd35,{}
2026-07-26 21:15 UTC,Bilal Siddiqui,campaign.request_approval,campaign,70a4e957-4548-4e00-a2f9-f640e886fd35,{}
2026-07-26 21:15 UTC,Bilal Siddiqui,campaign.create,campaign,70a4e957-4548-4e00-a2f9-f640e886fd35,"{'name': 'Verify email', 'description': None, 'channel': 'email', 'campaign_type': 'one_time', 'schedule_at': None, 'throttling_per_hour': 25, 'target_employee_ids': ['2f81d692-64de-41ac-8a3b-e18042b40071'], 'scenario_ids': ['f8481602-5411-43b5-9d07-928867bea694'], 'requires_second_approval': False, 'sandbox_mode': True, 'learning_objective': 'Recognize social engineering patterns.', 'target_filters': {}}"
2026-07-26 21:15 UTC,Aisha Rahman,scenario.approve,scenario,f8481602-5411-43b5-9d07-928867bea694,{}
2026-07-26 21:15 UTC,Bilal Siddiqui,scenario.generate,scenario,f8481602-5411-43b5-9d07-928867bea694,"{'theme': 'invoice/payment approval', 'channel': 'email', 'prompt_instructions': None, 'provider': 'rule-based', 'model': 'deterministic-template-v1', 'persona_id': None, 'persona_reference': None}"
2026-07-26 21:14 UTC,Bilal Siddiqui,campaign.deliver,campaign,ca9c7b53-23b6-4fd6-83d0-1a0d7150390f,"{'channel': 'deepfake', 'attempt_count': 1, 'delivered': 0}"
2026-07-26 21:14 UTC,Aisha Rahman,campaign.approve,campaign,ca9c7b53-23b6-4fd6-83d0-1a0d7150390f,{}
2026-07-26 21:14 UTC,Bilal Siddiqui,campaign.request_approval,campaign,ca9c7b53-23b6-4fd6-83d0-1a0d7150390f,{}
2026-07-26 21:14 UTC,Bilal Siddiqui,campaign.create,campaign,ca9c7b53-23b6-4fd6-83d0-1a0d7150390f,"{'name': 'Verify deepfake', 'description': None, 'channel': 'deepfake', 'campaign_type': 'one_time', 'schedule_at': None, 'throttling_per_hour': 25, 'target_employee_ids': ['2f81d692-64de-41ac-8a3b-e18042b40071'], 'scenario_ids': ['1ce098fd-b325-4336-bf18-4a6163076994'], 'requires_second_approval': False, 'sandbox_mode': True, 'learning_objective': 'Recognize social engineering patterns.', 'target_filters': {}}"
2026-07-26 21:14 UTC,Aisha Rahman,scenario.approve,scenario,1ce098fd-b325-4336-bf18-4a6163076994,{}
2026-07-26 21:14 UTC,Bilal Siddiqui,scenario.generate,scenario,1ce098fd-b325-4336-bf18-4a6163076994,"{'theme': 'executive approval request', 'channel': 'deepfake', 'prompt_instructions': None, 'provider': 'rule-based', 'model': 'deterministic-template-v1', 'persona_id': '83dbeb61-5016-491d-89e2-bf9ae5be71db', 'persona_reference': 'PSN-GROU-FINA-A47B'}"
2026-07-26 21:14 UTC,Bilal Siddiqui,campaign.deliver,campaign,9f9f8d57-38b3-4344-8c94-f09aab9a37cf,"{'channel': 'vishing', 'attempt_count': 1, 'delivered': 0}"
2026-07-26 21:14 UTC,Aisha Rahman,campaign.approve,campaign,9f9f8d57-38b3-4344-8c94-f09aab9a37cf,{}
2026-07-26 21:14 UTC,Bilal Siddiqui,campaign.request_approval,campaign,9f9f8d57-38b3-4344-8c94-f09aab9a37cf,{}
2026-07-26 21:14 UTC,Bilal Siddiqui,campaign.create,campaign,9f9f8d57-38b3-4344-8c94-f09aab9a37cf,"{'name': 'Verify vishing', 'description': None, 'channel': 'vishing', 'campaign_type': 'one_time', 'schedule_at': None, 'throttling_per_hour': 25, 'target_employee_ids': ['2f81d692-64de-41ac-8a3b-e18042b40071'], 'scenario_ids': ['63cf4f2a-bb8a-4c38-9fe2-a02a9fabc0ac'], 'requires_second_approval': False, 'sandbox_mode': True, 'learning_objective': 'Recognize social engineering patterns.', 'target_filters': {}}"
2026-07-26 21:14 UTC,Aisha Rahman,scenario.approve,scenario,63cf4f2a-bb8a-4c38-9fe2-a02a9fabc0ac,{}
2026-07-26 21:14 UTC,Bilal Siddiqui,scenario.generate,scenario,63cf4f2a-bb8a-4c38-9fe2-a02a9fabc0ac,"{'theme': 'password reset', 'channel': 'vishing', 'prompt_instructions': None, 'provider': 'rule-based', 'model': 'deterministic-template-v1', 'persona_id': '7adb6694-7082-4974-aac1-01f874481e4e', 'persona_reference': 'PSN-SERV-DESK-733A'}"
2026-07-26 21:14 UTC,Bilal Siddiqui,campaign.deliver,campaign,5c141faa-1dcc-4d3b-a3c6-b0a9d562dd82,"{'channel': 'qr', 'attempt_count': 1, 'delivered': 0}"
2026-07-26 21:14 UTC,Aisha Rahman,campaign.approve,campaign,5c141faa-1dcc-4d3b-a3c6-b0a9d562dd82,{}
2026-07-26 21:14 UTC,Bilal Siddiqui,campaign.request_approval,campaign,5c141faa-1dcc-4d3b-a3c6-b0a9d562dd82,{}
2026-07-26 21:14 UTC,Bilal Siddiqui,campaign.create,campaign,5c141faa-1dcc-4d3b-a3c6-b0a9d562dd82,"{'name': 'Verify qr', 'description': None, 'channel': 'qr', 'campaign_type': 'one_time', 'schedule_at': None, 'throttling_per_hour': 25, 'target_employee_ids': ['2f81d692-64de-41ac-8a3b-e18042b40071'], 'scenario_ids': ['7b30b78d-1725-4416-af6a-45cb79394979'], 'requires_second_approval': False, 'sandbox_mode': True, 'learning_objective': 'Recognize social engineering patterns.', 'target_filters': {}}"
2026-07-26 21:14 UTC,Aisha Rahman,scenario.approve,scenario,7b30b78d-1725-4416-af6a-45cb79394979,{}
2026-07-26 21:14 UTC,Bilal Siddiqui,scenario.generate,scenario,7b30b78d-1725-4416-af6a-45cb79394979,"{'theme': 'qr verification', 'channel': 'qr', 'prompt_instructions': None, 'provider': 'rule-based', 'model': 'deterministic-template-v1', 'persona_id': None, 'persona_reference': None}"
2026-07-26 21:14 UTC,Bilal Siddiqui,campaign.deliver,campaign,6db763f2-6825-4288-8025-23576132085b,"{'channel': 'sms', 'attempt_count': 1, 'delivered': 0}"
2026-07-26 21:14 UTC,Aisha Rahman,campaign.approve,campaign,6db763f2-6825-4288-8025-23576132085b,{}
2026-07-26 21:14 UTC,Bilal Siddiqui,campaign.request_approval,campaign,6db763f2-6825-4288-8025-23576132085b,{}
2026-07-26 21:14 UTC,Bilal Siddiqui,campaign.create,campaign,6db763f2-6825-4288-8025-23576132085b,"{'name': 'Verify sms', 'description': None, 'channel': 'sms', 'campaign_type': 'one_time', 'schedule_at': None, 'throttling_per_hour': 25, 'target_employee_ids': ['2f81d692-64de-41ac-8a3b-e18042b40071'], 'scenario_ids': ['5766a4d7-5597-4d78-aeb2-a5e3541a5de4'], 'requires_second_approval': False, 'sandbox_mode': True, 'learning_objective': 'Recognize social engineering patterns.', 'target_filters': {}}"
2026-07-26 21:14 UTC,Aisha Rahman,scenario.approve,scenario,5766a4d7-5597-4d78-aeb2-a5e3541a5de4,{}
2026-07-26 21:14 UTC,Bilal Siddiqui,scenario.generate,scenario,5766a4d7-5597-4d78-aeb2-a5e3541a5de4,"{'theme': 'policy update', 'channel': 'sms', 'prompt_instructions': None, 'provider': 'rule-based', 'model': 'deterministic-template-v1', 'persona_id': None, 'persona_reference': None}"
2026-07-26 21:14 UTC,Bilal Siddiqui,campaign.deliver,campaign,8a9469b6-0d44-4ff2-90d2-0be2dc0c6b9e,"{'channel': 'email', 'attempt_count': 1, 'delivered': 1}"
2026-07-26 21:14 UTC,Aisha Rahman,campaign.approve,campaign,8a9469b6-0d44-4ff2-90d2-0be2dc0c6b9e,{}
2026-07-26 21:14 UTC,Bilal Siddiqui,campaign.request_approval,campaign,8a9469b6-0d44-4ff2-90d2-0be2dc0c6b9e,{}
2026-07-26 21:14 UTC,Bilal Siddiqui,campaign.create,campaign,8a9469b6-0d44-4ff2-90d2-0be2dc0c6b9e,"{'name': 'Verify email', 'description': None, 'channel': 'email', 'campaign_type': 'one_time', 'schedule_at': None, 'throttling_per_hour': 25, 'target_employee_ids': ['2f81d692-64de-41ac-8a3b-e18042b40071'], 'scenario_ids': ['bc175a7c-3541-4618-a6f4-cf347a0792df'], 'requires_second_approval': False, 'sandbox_mode': True, 'learning_objective': 'Recognize social engineering patterns.', 'target_filters': {}}"
2026-07-26 21:14 UTC,Aisha Rahman,scenario.approve,scenario,bc175a7c-3541-4618-a6f4-cf347a0792df,{}
2026-07-26 21:14 UTC,Bilal Siddiqui,scenario.generate,scenario,bc175a7c-3541-4618-a6f4-cf347a0792df,"{'theme': 'invoice/payment approval', 'channel': 'email', 'prompt_instructions': None, 'provider': 'rule-based', 'model': 'deterministic-template-v1', 'persona_id': None, 'persona_reference': None}"
2026-07-26 21:14 UTC,Rayan Khan,persona.approve,impersonation_persona,83dbeb61-5016-491d-89e2-bf9ae5be71db,{'consent_expires_at': '2026-09-24T21:14:10.815775'}
2026-07-26 21:14 UTC,Aisha Rahman,persona.create,impersonation_persona,83dbeb61-5016-491d-89e2-bf9ae5be71db,"{'display_name': 'Verify Video Persona', 'is_real_person': False, 'modality': 'video_message', 'consent_reference': None}"
2026-07-26 21:14 UTC,Rayan Khan,persona.approve,impersonation_persona,7adb6694-7082-4974-aac1-01f874481e4e,{'consent_expires_at': '2026-09-24T21:14:10.798716'}
2026-07-26 21:14 UTC,Aisha Rahman,persona.create,impersonation_persona,7adb6694-7082-4974-aac1-01f874481e4e,"{'display_name': 'Verify Voice Persona', 'is_real_person': False, 'modality': 'voice_note', 'consent_reference': None}"
2026-07-26 21:10 UTC,Bilal Siddiqui,campaign.deliver,campaign,b730b8d8-36e3-4f4c-a954-0593081c2eb4,"{'channel': 'vishing', 'attempt_count': 1, 'delivered': 0}"
2026-07-26 21:10 UTC,Aisha Rahman,campaign.approve,campaign,b730b8d8-36e3-4f4c-a954-0593081c2eb4,{}
2026-07-26 21:10 UTC,Bilal Siddiqui,campaign.request_approval,campaign,b730b8d8-36e3-4f4c-a954-0593081c2eb4,{}
2026-07-26 21:10 UTC,Bilal Siddiqui,campaign.create,campaign,b730b8d8-36e3-4f4c-a954-0593081c2eb4,"{'name': 'Voice drill - debrief capture', 'description': None, 'channel': 'vishing', 'campaign_type': 'one_time', 'schedule_at': None, 'throttling_per_hour': 25, 'target_employee_ids': ['2f81d692-64de-41ac-8a3b-e18042b40071'], 'scenario_ids': ['50fa2bb9-fa4d-4778-888e-c590b5ea4d8e'], 'requires_second_approval': False, 'sandbox_mode': True, 'learning_objective': 'Recognize social engineering patterns.', 'target_filters': {}}"
2026-07-26 21:10 UTC,Aisha Rahman,scenario.approve,scenario,50fa2bb9-fa4d-4778-888e-c590b5ea4d8e,{}
2026-07-26 21:10 UTC,Bilal Siddiqui,scenario.generate,scenario,50fa2bb9-fa4d-4778-888e-c590b5ea4d8e,"{'theme': 'password reset', 'channel': 'vishing', 'prompt_instructions': None, 'provider': 'rule-based', 'model': 'deterministic-template-v1', 'persona_id': 'fc112d6d-3cdc-40ce-95de-6e547d8dc9b2', 'persona_reference': 'PSN-SERV-DESK'}"
2026-07-26 21:02 UTC,Bilal Siddiqui,campaign.deliver,campaign,cf74f634-7c78-43f5-85a6-bc29f4867b69,"{'channel': 'deepfake', 'attempt_count': 1, 'delivered': 0}"
2026-07-26 21:02 UTC,Aisha Rahman,campaign.approve,campaign,cf74f634-7c78-43f5-85a6-bc29f4867b69,{}
2026-07-26 21:02 UTC,Bilal Siddiqui,campaign.request_approval,campaign,cf74f634-7c78-43f5-85a6-bc29f4867b69,{}
2026-07-26 21:02 UTC,Bilal Siddiqui,campaign.create,campaign,cf74f634-7c78-43f5-85a6-bc29f4867b69,"{'name': 'Demo · deepfake · executive approval request', 'description': 'Five-channel demo campaign for the deepfake vector.', 'channel': 'deepfake', 'campaign_type': 'one_time', 'schedule_at': None, 'throttling_per_hour': 25, 'target_employee_ids': ['2f81d692-64de-41ac-8a3b-e18042b40071'], 'scenario_ids': ['24f2de8a-723b-4fc3-97ce-19116eb4eb55'], 'requires_second_approval': False, 'sandbox_mode': True, 'learning_objective': 'Recognize social engineering patterns.', 'target_filters': {}}"
2026-07-26 21:02 UTC,Aisha Rahman,scenario.approve,scenario,24f2de8a-723b-4fc3-97ce-19116eb4eb55,{}
2026-07-26 21:02 UTC,Bilal Siddiqui,scenario.generate,scenario,24f2de8a-723b-4fc3-97ce-19116eb4eb55,"{'theme': 'executive approval request', 'channel': 'deepfake', 'prompt_instructions': ""Keep it realistic and specific to this employee's workflow."", 'provider': 'rule-based', 'model': 'deterministic-template-v1', 'persona_id': '32c0f938-73a4-44c7-b124-2d23437a51ec', 'persona_reference': 'PSN-GROU-FINA-6633'}"
2026-07-26 21:02 UTC,Bilal Siddiqui,campaign.deliver,campaign,72d46870-7269-46f1-abd4-e8807971e564,"{'channel': 'vishing', 'attempt_count': 1, 'delivered': 0}"
2026-07-26 21:02 UTC,Aisha Rahman,campaign.approve,campaign,72d46870-7269-46f1-abd4-e8807971e564,{}
2026-07-26 21:02 UTC,Bilal Siddiqui,campaign.request_approval,campaign,72d46870-7269-46f1-abd4-e8807971e564,{}
2026-07-26 21:02 UTC,Bilal Siddiqui,campaign.create,campaign,72d46870-7269-46f1-abd4-e8807971e564,"{'name': 'Demo · vishing · password reset', 'description': 'Five-channel demo campaign for the vishing vector.', 'channel': 'vishing', 'campaign_type': 'one_time', 'schedule_at': None, 'throttling_per_hour': 25, 'target_employee_ids': ['2f81d692-64de-41ac-8a3b-e18042b40071'], 'scenario_ids': ['38d7740f-290a-444a-a33e-342fee756d90'], 'requires_second_approval': False, 'sandbox_mode': True, 'learning_objective': 'Recognize social engineering patterns.', 'target_filters': {}}"
2026-07-26 21:02 UTC,Aisha Rahman,scenario.approve,scenario,38d7740f-290a-444a-a33e-342fee756d90,{}
2026-07-26 21:02 UTC,Bilal Siddiqui,scenario.generate,scenario,38d7740f-290a-444a-a33e-342fee756d90,"{'theme': 'password reset', 'channel': 'vishing', 'prompt_instructions': ""Keep it realistic and specific to this employee's workflow."", 'provider': 'rule-based', 'model': 'deterministic-template-v1', 'persona_id': 'fc112d6d-3cdc-40ce-95de-6e547d8dc9b2', 'persona_reference': 'PSN-SERV-DESK'}"
2026-07-26 21:02 UTC,Bilal Siddiqui,campaign.deliver,campaign,c2731f79-3a0e-4768-85f4-e02db0938239,"{'channel': 'qr', 'attempt_count': 1, 'delivered': 0}"
2026-07-26 21:02 UTC,Aisha Rahman,campaign.approve,campaign,c2731f79-3a0e-4768-85f4-e02db0938239,{}
2026-07-26 21:02 UTC,Bilal Siddiqui,campaign.request_approval,campaign,c2731f79-3a0e-4768-85f4-e02db0938239,{}
2026-07-26 21:02 UTC,Bilal Siddiqui,campaign.create,campaign,c2731f79-3a0e-4768-85f4-e02db0938239,"{'name': 'Demo · qr · qr verification', 'description': 'Five-channel demo campaign for the qr vector.', 'channel': 'qr', 'campaign_type': 'one_time', 'schedule_at': None, 'throttling_per_hour': 25, 'target_employee_ids': ['2f81d692-64de-41ac-8a3b-e18042b40071'], 'scenario_ids': ['827afb48-ba77-47d5-ae32-11f3ef577802'], 'requires_second_approval': False, 'sandbox_mode': True, 'learning_objective': 'Recognize social engineering patterns.', 'target_filters': {}}"
2026-07-26 21:02 UTC,Aisha Rahman,scenario.approve,scenario,827afb48-ba77-47d5-ae32-11f3ef577802,{}
2026-07-26 21:02 UTC,Bilal Siddiqui,scenario.generate,scenario,827afb48-ba77-47d5-ae32-11f3ef577802,"{'theme': 'qr verification', 'channel': 'qr', 'prompt_instructions': ""Keep it realistic and specific to this employee's workflow."", 'provider': 'rule-based', 'model': 'deterministic-template-v1', 'persona_id': None, 'persona_reference': None}"
2026-07-26 21:02 UTC,Bilal Siddiqui,campaign.deliver,campaign,88cfda09-2221-4311-be75-c817acc164b9,"{'channel': 'sms', 'attempt_count': 1, 'delivered': 0}"
2026-07-26 21:02 UTC,Aisha Rahman,campaign.approve,campaign,88cfda09-2221-4311-be75-c817acc164b9,{}
2026-07-26 21:02 UTC,Bilal Siddiqui,campaign.request_approval,campaign,88cfda09-2221-4311-be75-c817acc164b9,{}
2026-07-26 21:02 UTC,Bilal Siddiqui,campaign.create,campaign,88cfda09-2221-4311-be75-c817acc164b9,"{'name': 'Demo · sms · policy update', 'description': 'Five-channel demo campaign for the sms vector.', 'channel': 'sms', 'campaign_type': 'one_time', 'schedule_at': None, 'throttling_per_hour': 25, 'target_employee_ids': ['2f81d692-64de-41ac-8a3b-e18042b40071'], 'scenario_ids': ['17b9407d-87ff-4d8c-a7dd-f7c6083f527a'], 'requires_second_approval': False, 'sandbox_mode': True, 'learning_objective': 'Recognize social engineering patterns.', 'target_filters': {}}"
2026-07-26 21:02 UTC,Aisha Rahman,scenario.approve,scenario,17b9407d-87ff-4d8c-a7dd-f7c6083f527a,{}
2026-07-26 21:02 UTC,Bilal Siddiqui,scenario.generate,scenario,17b9407d-87ff-4d8c-a7dd-f7c6083f527a,"{'theme': 'policy update', 'channel': 'sms', 'prompt_instructions': ""Keep it realistic and specific to this employee's workflow."", 'provider': 'rule-based', 'model': 'deterministic-template-v1', 'persona_id': None, 'persona_reference': None}"
2026-07-26 21:02 UTC,Bilal Siddiqui,campaign.deliver,campaign,3b6535d6-ab76-48a0-b0d3-9bc91e55b02a,"{'channel': 'email', 'attempt_count': 1, 'delivered': 1}"
2026-07-26 21:01 UTC,Aisha Rahman,campaign.approve,campaign,3b6535d6-ab76-48a0-b0d3-9bc91e55b02a,{}
2026-07-26 21:01 UTC,Bilal Siddiqui,campaign.request_approval,campaign,3b6535d6-ab76-48a0-b0d3-9bc91e55b02a,{}
2026-07-26 21:01 UTC,Bilal Siddiqui,campaign.create,campaign,3b6535d6-ab76-48a0-b0d3-9bc91e55b02a,"{'name': 'Demo · email · invoice/payment approval', 'description': 'Five-channel demo campaign for the email vector.', 'channel': 'email', 'campaign_type': 'one_time', 'schedule_at': None, 'throttling_per_hour': 25, 'target_employee_ids': ['2f81d692-64de-41ac-8a3b-e18042b40071'], 'scenario_ids': ['5bf8b2c8-025b-4c50-b82d-87d69ffa3192'], 'requires_second_approval': False, 'sandbox_mode': True, 'learning_objective': 'Recognize social engineering patterns.', 'target_filters': {}}"
2026-07-26 21:01 UTC,Aisha Rahman,scenario.approve,scenario,5bf8b2c8-025b-4c50-b82d-87d69ffa3192,{}
2026-07-26 21:01 UTC,Bilal Siddiqui,scenario.generate,scenario,5bf8b2c8-025b-4c50-b82d-87d69ffa3192,"{'theme': 'invoice/payment approval', 'channel': 'email', 'prompt_instructions': ""Keep it realistic and specific to this employee's workflow."", 'provider': 'rule-based', 'model': 'deterministic-template-v1', 'persona_id': None, 'persona_reference': None}"
2026-07-26 21:01 UTC,Rayan Khan,persona.approve,impersonation_persona,32c0f938-73a4-44c7-b124-2d23437a51ec,{'consent_expires_at': '2026-10-24T21:01:49.517810'}
2026-07-26 21:01 UTC,Aisha Rahman,persona.create,impersonation_persona,32c0f938-73a4-44c7-b124-2d23437a51ec,"{'display_name': 'Ayesha Malik', 'is_real_person': False, 'modality': 'video_message', 'consent_reference': None}"
2026-07-26 20:35 UTC,Bilal Siddiqui,campaign.deliver,campaign,1653042e-9f77-4f88-a706-b4a78dde2b0e,"{'channel': 'deepfake', 'attempt_count': 1, 'delivered': 0}"
2026-07-26 20:35 UTC,Aisha Rahman,campaign.approve,campaign,1653042e-9f77-4f88-a706-b4a78dde2b0e,{}
2026-07-26 20:35 UTC,Bilal Siddiqui,campaign.request_approval,campaign,1653042e-9f77-4f88-a706-b4a78dde2b0e,{}
2026-07-26 20:35 UTC,Bilal Siddiqui,campaign.create,campaign,1653042e-9f77-4f88-a706-b4a78dde2b0e,"{'name': 'Demo · deepfake · executive approval request', 'description': 'Five-channel demo campaign for the deepfake vector.', 'channel': 'deepfake', 'campaign_type': 'one_time', 'schedule_at': None, 'throttling_per_hour': 25, 'target_employee_ids': ['2f81d692-64de-41ac-8a3b-e18042b40071'], 'scenario_ids': ['799ccf26-44f3-4b1d-976d-ed4ca1d3fad0'], 'requires_second_approval': False, 'sandbox_mode': True, 'learning_objective': 'Recognize social engineering patterns.', 'target_filters': {}}"
2026-07-26 20:35 UTC,Aisha Rahman,scenario.approve,scenario,799ccf26-44f3-4b1d-976d-ed4ca1d3fad0,{}
2026-07-26 20:35 UTC,Bilal Siddiqui,scenario.generate,scenario,799ccf26-44f3-4b1d-976d-ed4ca1d3fad0,"{'theme': 'executive approval request', 'channel': 'deepfake', 'prompt_instructions': ""Keep it realistic and specific to this employee's workflow."", 'provider': 'rule-based', 'model': 'deterministic-template-v1', 'persona_id': 'ef031cdb-ff46-4f06-a16e-a2a737ba0588', 'persona_reference': 'PSN-GROU-FINA'}"
2026-07-26 20:35 UTC,Bilal Siddiqui,campaign.deliver,campaign,f50fc4ad-6b40-404b-b5aa-7c2985ec9c7a,"{'channel': 'vishing', 'attempt_count': 1, 'delivered': 0}"
2026-07-26 20:35 UTC,Aisha Rahman,campaign.approve,campaign,f50fc4ad-6b40-404b-b5aa-7c2985ec9c7a,{}
2026-07-26 20:35 UTC,Bilal Siddiqui,campaign.request_approval,campaign,f50fc4ad-6b40-404b-b5aa-7c2985ec9c7a,{}
2026-07-26 20:35 UTC,Bilal Siddiqui,campaign.create,campaign,f50fc4ad-6b40-404b-b5aa-7c2985ec9c7a,"{'name': 'Demo · vishing · password reset', 'description': 'Five-channel demo campaign for the vishing vector.', 'channel': 'vishing', 'campaign_type': 'one_time', 'schedule_at': None, 'throttling_per_hour': 25, 'target_employee_ids': ['2f81d692-64de-41ac-8a3b-e18042b40071'], 'scenario_ids': ['69d562f8-37d9-48d4-8425-81653cafd52f'], 'requires_second_approval': False, 'sandbox_mode': True, 'learning_objective': 'Recognize social engineering patterns.', 'target_filters': {}}"
2026-07-26 20:35 UTC,Aisha Rahman,scenario.approve,scenario,69d562f8-37d9-48d4-8425-81653cafd52f,{}
2026-07-26 20:35 UTC,Bilal Siddiqui,scenario.generate,scenario,69d562f8-37d9-48d4-8425-81653cafd52f,"{'theme': 'password reset', 'channel': 'vishing', 'prompt_instructions': ""Keep it realistic and specific to this employee's workflow."", 'provider': 'rule-based', 'model': 'deterministic-template-v1', 'persona_id': 'fc112d6d-3cdc-40ce-95de-6e547d8dc9b2', 'persona_reference': 'PSN-SERV-DESK'}"
2026-07-26 20:35 UTC,Bilal Siddiqui,campaign.deliver,campaign,1c1053c6-203f-424f-8406-a0164e57fad9,"{'channel': 'qr', 'attempt_count': 1, 'delivered': 0}"
2026-07-26 20:35 UTC,Aisha Rahman,campaign.approve,campaign,1c1053c6-203f-424f-8406-a0164e57fad9,{}
2026-07-26 20:35 UTC,Bilal Siddiqui,campaign.request_approval,campaign,1c1053c6-203f-424f-8406-a0164e57fad9,{}
2026-07-26 20:35 UTC,Bilal Siddiqui,campaign.create,campaign,1c1053c6-203f-424f-8406-a0164e57fad9,"{'name': 'Demo · qr · qr verification', 'description': 'Five-channel demo campaign for the qr vector.', 'channel': 'qr', 'campaign_type': 'one_time', 'schedule_at': None, 'throttling_per_hour': 25, 'target_employee_ids': ['2f81d692-64de-41ac-8a3b-e18042b40071'], 'scenario_ids': ['0dbf4bf2-3f09-44d8-8581-6602da1f3abc'], 'requires_second_approval': False, 'sandbox_mode': True, 'learning_objective': 'Recognize social engineering patterns.', 'target_filters': {}}"
2026-07-26 20:35 UTC,Aisha Rahman,scenario.approve,scenario,0dbf4bf2-3f09-44d8-8581-6602da1f3abc,{}
2026-07-26 20:35 UTC,Bilal Siddiqui,scenario.generate,scenario,0dbf4bf2-3f09-44d8-8581-6602da1f3abc,"{'theme': 'qr verification', 'channel': 'qr', 'prompt_instructions': ""Keep it realistic and specific to this employee's workflow."", 'provider': 'rule-based', 'model': 'deterministic-template-v1', 'persona_id': None, 'persona_reference': None}"
2026-07-26 20:35 UTC,Bilal Siddiqui,campaign.deliver,campaign,52c79c87-9391-491f-9af3-36fae24b6d28,"{'channel': 'sms', 'attempt_count': 1, 'delivered': 0}"
2026-07-26 20:35 UTC,Aisha Rahman,campaign.approve,campaign,52c79c87-9391-491f-9af3-36fae24b6d28,{}
2026-07-26 20:35 UTC,Bilal Siddiqui,campaign.request_approval,campaign,52c79c87-9391-491f-9af3-36fae24b6d28,{}
2026-07-26 20:35 UTC,Bilal Siddiqui,campaign.create,campaign,52c79c87-9391-491f-9af3-36fae24b6d28,"{'name': 'Demo · sms · policy update', 'description': 'Five-channel demo campaign for the sms vector.', 'channel': 'sms', 'campaign_type': 'one_time', 'schedule_at': None, 'throttling_per_hour': 25, 'target_employee_ids': ['2f81d692-64de-41ac-8a3b-e18042b40071'], 'scenario_ids': ['5f3cd8a5-118d-49eb-bf3b-e4fecb34d626'], 'requires_second_approval': False, 'sandbox_mode': True, 'learning_objective': 'Recognize social engineering patterns.', 'target_filters': {}}"
2026-07-26 20:35 UTC,Aisha Rahman,scenario.approve,scenario,5f3cd8a5-118d-49eb-bf3b-e4fecb34d626,{}
2026-07-26 20:35 UTC,Bilal Siddiqui,scenario.generate,scenario,5f3cd8a5-118d-49eb-bf3b-e4fecb34d626,"{'theme': 'policy update', 'channel': 'sms', 'prompt_instructions': ""Keep it realistic and specific to this employee's workflow."", 'provider': 'rule-based', 'model': 'deterministic-template-v1', 'persona_id': None, 'persona_reference': None}"
2026-07-26 20:35 UTC,Bilal Siddiqui,campaign.deliver,campaign,8ce89d2a-fa4e-4538-ba6d-a4249b72cdcb,"{'channel': 'email', 'attempt_count': 1, 'delivered': 1}"
2026-07-26 20:35 UTC,Aisha Rahman,campaign.approve,campaign,8ce89d2a-fa4e-4538-ba6d-a4249b72cdcb,{}
2026-07-26 20:35 UTC,Bilal Siddiqui,campaign.request_approval,campaign,8ce89d2a-fa4e-4538-ba6d-a4249b72cdcb,{}
2026-07-26 20:35 UTC,Bilal Siddiqui,campaign.create,campaign,8ce89d2a-fa4e-4538-ba6d-a4249b72cdcb,"{'name': 'Demo · email · invoice/payment approval', 'description': 'Five-channel demo campaign for the email vector.', 'channel': 'email', 'campaign_type': 'one_time', 'schedule_at': None, 'throttling_per_hour': 25, 'target_employee_ids': ['2f81d692-64de-41ac-8a3b-e18042b40071'], 'scenario_ids': ['62041cd7-b81b-4dd2-8d57-77407a70c4aa'], 'requires_second_approval': False, 'sandbox_mode': True, 'learning_objective': 'Recognize social engineering patterns.', 'target_filters': {}}"
2026-07-26 20:35 UTC,Aisha Rahman,scenario.approve,scenario,62041cd7-b81b-4dd2-8d57-77407a70c4aa,{}
2026-07-26 20:35 UTC,Bilal Siddiqui,scenario.generate,scenario,62041cd7-b81b-4dd2-8d57-77407a70c4aa,"{'theme': 'invoice/payment approval', 'channel': 'email', 'prompt_instructions': ""Keep it realistic and specific to this employee's workflow."", 'provider': 'rule-based', 'model': 'deterministic-template-v1', 'persona_id': None, 'persona_reference': None}"
2026-07-26 20:33 UTC,Bilal Siddiqui,campaign.deliver,campaign,02705778-620b-4467-9319-36fa9e6e4ab9,"{'channel': 'deepfake', 'attempt_count': 1, 'delivered': 1}"
2026-07-26 20:33 UTC,Aisha Rahman,campaign.approve,campaign,02705778-620b-4467-9319-36fa9e6e4ab9,{}
2026-07-26 20:33 UTC,Bilal Siddiqui,campaign.request_approval,campaign,02705778-620b-4467-9319-36fa9e6e4ab9,{}
2026-07-26 20:33 UTC,Bilal Siddiqui,campaign.create,campaign,02705778-620b-4467-9319-36fa9e6e4ab9,"{'name': 'Demo · deepfake · executive approval request', 'description': 'Five-channel demo campaign for the deepfake vector.', 'channel': 'deepfake', 'campaign_type': 'one_time', 'schedule_at': None, 'throttling_per_hour': 25, 'target_employee_ids': ['2f81d692-64de-41ac-8a3b-e18042b40071'], 'scenario_ids': ['501e7d21-524d-4a84-8f25-01eff70780c6'], 'requires_second_approval': False, 'sandbox_mode': True, 'learning_objective': 'Recognize social engineering patterns.', 'target_filters': {}}"
2026-07-26 20:33 UTC,Aisha Rahman,scenario.approve,scenario,501e7d21-524d-4a84-8f25-01eff70780c6,{}
2026-07-26 20:33 UTC,Bilal Siddiqui,scenario.generate,scenario,501e7d21-524d-4a84-8f25-01eff70780c6,"{'theme': 'executive approval request', 'channel': 'deepfake', 'prompt_instructions': ""Keep it realistic and specific to this employee's workflow."", 'provider': 'rule-based', 'model': 'deterministic-template-v1', 'persona_id': 'ef031cdb-ff46-4f06-a16e-a2a737ba0588', 'persona_reference': 'PSN-GROU-FINA'}"
2026-07-26 20:33 UTC,Bilal Siddiqui,campaign.deliver,campaign,2af63a92-2fb7-47ca-a8dc-3529ac108bc0,"{'channel': 'vishing', 'attempt_count': 1, 'delivered': 1}"
2026-07-26 20:33 UTC,Aisha Rahman,campaign.approve,campaign,2af63a92-2fb7-47ca-a8dc-3529ac108bc0,{}
2026-07-26 20:33 UTC,Bilal Siddiqui,campaign.request_approval,campaign,2af63a92-2fb7-47ca-a8dc-3529ac108bc0,{}
2026-07-26 20:33 UTC,Bilal Siddiqui,campaign.create,campaign,2af63a92-2fb7-47ca-a8dc-3529ac108bc0,"{'name': 'Demo · vishing · password reset', 'description': 'Five-channel demo campaign for the vishing vector.', 'channel': 'vishing', 'campaign_type': 'one_time', 'schedule_at': None, 'throttling_per_hour': 25, 'target_employee_ids': ['2f81d692-64de-41ac-8a3b-e18042b40071'], 'scenario_ids': ['fc9b202b-4429-4233-9cb2-6d04854c9f2b'], 'requires_second_approval': False, 'sandbox_mode': True, 'learning_objective': 'Recognize social engineering patterns.', 'target_filters': {}}"
2026-07-26 20:33 UTC,Aisha Rahman,scenario.approve,scenario,fc9b202b-4429-4233-9cb2-6d04854c9f2b,{}
2026-07-26 20:33 UTC,Bilal Siddiqui,scenario.generate,scenario,fc9b202b-4429-4233-9cb2-6d04854c9f2b,"{'theme': 'password reset', 'channel': 'vishing', 'prompt_instructions': ""Keep it realistic and specific to this employee's workflow."", 'provider': 'rule-based', 'model': 'deterministic-template-v1', 'persona_id': 'fc112d6d-3cdc-40ce-95de-6e547d8dc9b2', 'persona_reference': 'PSN-SERV-DESK'}"
2026-07-26 20:33 UTC,Bilal Siddiqui,campaign.deliver,campaign,2be27fc1-8c7d-4991-bd5d-c5ffdb15bb03,"{'channel': 'qr', 'attempt_count': 1, 'delivered': 1}"
2026-07-26 20:33 UTC,Aisha Rahman,campaign.approve,campaign,2be27fc1-8c7d-4991-bd5d-c5ffdb15bb03,{}
2026-07-26 20:33 UTC,Bilal Siddiqui,campaign.request_approval,campaign,2be27fc1-8c7d-4991-bd5d-c5ffdb15bb03,{}
2026-07-26 20:33 UTC,Bilal Siddiqui,campaign.create,campaign,2be27fc1-8c7d-4991-bd5d-c5ffdb15bb03,"{'name': 'Demo · qr · qr verification', 'description': 'Five-channel demo campaign for the qr vector.', 'channel': 'qr', 'campaign_type': 'one_time', 'schedule_at': None, 'throttling_per_hour': 25, 'target_employee_ids': ['2f81d692-64de-41ac-8a3b-e18042b40071'], 'scenario_ids': ['2a0cd1bf-a6d3-4564-8e29-b3d5a28c4a43'], 'requires_second_approval': False, 'sandbox_mode': True, 'learning_objective': 'Recognize social engineering patterns.', 'target_filters': {}}"
2026-07-26 20:33 UTC,Aisha Rahman,scenario.approve,scenario,2a0cd1bf-a6d3-4564-8e29-b3d5a28c4a43,{}
2026-07-26 20:33 UTC,Bilal Siddiqui,scenario.generate,scenario,2a0cd1bf-a6d3-4564-8e29-b3d5a28c4a43,"{'theme': 'qr verification', 'channel': 'qr', 'prompt_instructions': ""Keep it realistic and specific to this employee's workflow."", 'provider': 'rule-based', 'model': 'deterministic-template-v1', 'persona_id': None, 'persona_reference': None}"
2026-07-26 20:33 UTC,Bilal Siddiqui,campaign.deliver,campaign,6ffe7d06-88d3-4aeb-8dcb-e701bad0e54e,"{'channel': 'sms', 'attempt_count': 1, 'delivered': 0}"
2026-07-26 20:33 UTC,Aisha Rahman,campaign.approve,campaign,6ffe7d06-88d3-4aeb-8dcb-e701bad0e54e,{}
2026-07-26 20:33 UTC,Bilal Siddiqui,campaign.request_approval,campaign,6ffe7d06-88d3-4aeb-8dcb-e701bad0e54e,{}
2026-07-26 20:33 UTC,Bilal Siddiqui,campaign.create,campaign,6ffe7d06-88d3-4aeb-8dcb-e701bad0e54e,"{'name': 'Demo · sms · policy update', 'description': 'Five-channel demo campaign for the sms vector.', 'channel': 'sms', 'campaign_type': 'one_time', 'schedule_at': None, 'throttling_per_hour': 25, 'target_employee_ids': ['2f81d692-64de-41ac-8a3b-e18042b40071'], 'scenario_ids': ['d117cd00-160a-4ffd-9f5e-3795ad13e9ae'], 'requires_second_approval': False, 'sandbox_mode': True, 'learning_objective': 'Recognize social engineering patterns.', 'target_filters': {}}"
2026-07-26 20:33 UTC,Aisha Rahman,scenario.approve,scenario,d117cd00-160a-4ffd-9f5e-3795ad13e9ae,{}
2026-07-26 20:33 UTC,Bilal Siddiqui,scenario.generate,scenario,d117cd00-160a-4ffd-9f5e-3795ad13e9ae,"{'theme': 'policy update', 'channel': 'sms', 'prompt_instructions': ""Keep it realistic and specific to this employee's workflow."", 'provider': 'rule-based', 'model': 'deterministic-template-v1', 'persona_id': None, 'persona_reference': None}"
2026-07-26 20:33 UTC,Bilal Siddiqui,campaign.deliver,campaign,69d95133-8ddb-4223-843a-3ddb8558763d,"{'channel': 'email', 'attempt_count': 1, 'delivered': 1}"
2026-07-26 20:33 UTC,Aisha Rahman,campaign.approve,campaign,69d95133-8ddb-4223-843a-3ddb8558763d,{}
2026-07-26 20:33 UTC,Bilal Siddiqui,campaign.request_approval,campaign,69d95133-8ddb-4223-843a-3ddb8558763d,{}
2026-07-26 20:33 UTC,Bilal Siddiqui,campaign.create,campaign,69d95133-8ddb-4223-843a-3ddb8558763d,"{'name': 'Demo · email · invoice/payment approval', 'description': 'Five-channel demo campaign for the email vector.', 'channel': 'email', 'campaign_type': 'one_time', 'schedule_at': None, 'throttling_per_hour': 25, 'target_employee_ids': ['2f81d692-64de-41ac-8a3b-e18042b40071'], 'scenario_ids': ['98cc7d4f-e728-4027-b19f-91f7b2f0f681'], 'requires_second_approval': False, 'sandbox_mode': True, 'learning_objective': 'Recognize social engineering patterns.', 'target_filters': {}}"
2026-07-26 20:33 UTC,Aisha Rahman,scenario.approve,scenario,98cc7d4f-e728-4027-b19f-91f7b2f0f681,{}
2026-07-26 20:33 UTC,Bilal Siddiqui,scenario.generate,scenario,98cc7d4f-e728-4027-b19f-91f7b2f0f681,"{'theme': 'invoice/payment approval', 'channel': 'email', 'prompt_instructions': ""Keep it realistic and specific to this employee's workflow."", 'provider': 'rule-based', 'model': 'deterministic-template-v1', 'persona_id': None, 'persona_reference': None}"
2026-07-26 20:33 UTC,Aisha Rahman,policy.update,policy,d243d783-e923-459d-96c3-25f5c8ca6f74,"{'name': 'Default BreachSim Guardrails', 'allowed_themes': ['invoice/payment approval', 'policy update', 'leave request', 'password reset', 'mfa notice', 'client contract', 'quote request', 'document review', 'qr verification', 'executive approval request'], 'prohibited_words': ['wire transfer', 'arrest', 'police', 'hospital', 'lawsuit', 'terror', 'emergency'], 'allowed_sender_names': ['BreachSim Training', 'Security Awareness Team', 'Northwind IT', 'HR Operations'], 'approved_training_domains': ['training.breachsim.local', 'awareness.breachsim.local'], 'allowed_delivery_channels': ['email', 'sms', 'qr', 'vishing', 'deepfake'], 'difficulty_levels': ['low', 'medium', 'high'], 'maximum_frequency_per_employee': 2, 'working_hours_start': 9, 'working_hours_end': 18, 'second_approval_required': True, 'opt_out_respected': True, 'prohibited_topics': ['health emergency deception', 'law enforcement impersonation', 'real credential capture', 'harassment', 'threats', 'illegal impersonation', 'real external brand abuse']}"
2026-07-26 20:30 UTC,Rayan Khan,persona.approve,impersonation_persona,fc112d6d-3cdc-40ce-95de-6e547d8dc9b2,{'consent_expires_at': None}
2026-07-26 20:30 UTC,Aisha Rahman,persona.create,impersonation_persona,fc112d6d-3cdc-40ce-95de-6e547d8dc9b2,"{'display_name': 'IT Service Desk Lead', 'is_real_person': False, 'modality': 'voice_note', 'consent_reference': None}"
2026-07-26 20:30 UTC,Rayan Khan,persona.approve,impersonation_persona,ef031cdb-ff46-4f06-a16e-a2a737ba0588,{'consent_expires_at': None}
2026-07-26 20:30 UTC,Aisha Rahman,persona.create,impersonation_persona,ef031cdb-ff46-4f06-a16e-a2a737ba0588,"{'display_name': 'Group Finance Director', 'is_real_person': False, 'modality': 'video_message', 'consent_reference': None}"
2026-07-26 20:30 UTC,Aisha Rahman,integration.impersonation.update,organization,350e50a9-127f-4c65-8356-930ef868d1ff,"{'impersonation_enabled': True, 'voice_provider_mode': 'simulator'}"
2026-05-04 20:42 UTC,Aisha Rahman,scenario.generate,scenario,d23ce944-4bf2-495a-b45a-4175c4ccde1c,"{'theme': 'invoice/payment approval', 'channel': 'email', 'prompt_instructions': 'Generate a concise internal finance workflow notification.', 'provider': 'ollama', 'model': 'llama2-uncensored:latest'}"
2026-05-04 20:36 UTC,Aisha Rahman,scenario.generate,scenario,ddf5650e-ff1c-45a2-adb4-7b21c4b6f3ad,"{'theme': 'invoice/payment approval', 'channel': 'email', 'prompt_instructions': ""Make it look like a normal internal workflow notification for this employee's role. Keep the initial message realistic and concise."", 'provider': 'ollama', 'model': 'llama2-uncensored:latest'}"
2026-05-04 20:33 UTC,Aisha Rahman,scenario.generate,scenario,5182a64c-6d71-4baa-85dd-b4f6538edd1f,"{'theme': 'invoice/payment approval', 'channel': 'email', 'prompt_instructions': 'Create a realistic internal finance workflow notification for this employee. Keep the first message concise and business-like.', 'provider': 'ollama', 'model': 'llama2-uncensored:latest'}"
2026-05-04 20:31 UTC,Aisha Rahman,scenario.generate,scenario,749fb99e-3d8f-4c8a-b522-e02ae18f401c,"{'theme': 'invoice/payment approval', 'channel': 'email', 'prompt_instructions': 'Create a realistic internal finance workflow notification for this employee. Keep the first message concise and business-like.', 'provider': 'ollama', 'model': 'llama2-uncensored:latest'}"
2026-05-04 20:30 UTC,Aisha Rahman,scenario.generate,scenario,e4edc473-8abf-4395-a11e-1e7539e154b4,"{'theme': 'invoice/payment approval', 'channel': 'email', 'prompt_instructions': 'Create a realistic internal finance workflow notification for this employee. Keep the first message concise and business-like.', 'provider': 'ollama', 'model': 'llama2-uncensored:latest'}"
2026-05-04 20:27 UTC,Aisha Rahman,scenario.generate,scenario,7f9ac35f-8243-460f-bde0-43302ea87be2,"{'theme': 'invoice/payment approval', 'channel': 'email', 'prompt_instructions': 'Create a realistic internal finance workflow notification for this employee. Keep the first message concise and business-like.', 'provider': 'ollama', 'model': 'llama2-uncensored:latest'}"
2026-05-04 17:03 UTC,Aisha Rahman,campaign.launch_sandbox,campaign,49365236-9980-40f0-8ab1-08f500ec7fcc,{'attempt_count': 1}
2026-05-04 17:03 UTC,Aisha Rahman,campaign.approve,campaign,49365236-9980-40f0-8ab1-08f500ec7fcc,{}
2026-05-04 17:03 UTC,Aisha Rahman,campaign.create,campaign,49365236-9980-40f0-8ab1-08f500ec7fcc,"{'name': 'QR workflow poster realism test', 'description': 'Sandbox QR poster preview generated during UI testing.', 'channel': 'qr', 'campaign_type': 'one_time', 'schedule_at': None, 'throttling_per_hour': 25, 'target_employee_ids': ['2f81d692-64de-41ac-8a3b-e18042b40071'], 'scenario_ids': ['d4704f86-686c-4f66-bfac-1edd42c0c591'], 'requires_second_approval': False, 'sandbox_mode': True, 'learning_objective': 'Recognize suspicious QR workflow requests.', 'target_filters': {}}"
2026-05-04 17:03 UTC,Aisha Rahman,scenario.approve,scenario,d4704f86-686c-4f66-bfac-1edd42c0c591,{}
2026-05-04 17:03 UTC,Aisha Rahman,scenario.generate,scenario,d4704f86-686c-4f66-bfac-1edd42c0c591,"{'theme': 'qr verification', 'channel': 'qr', 'provider': 'rule-based', 'model': 'fallback'}"
2026-05-04 17:02 UTC,Aisha Rahman,scenario.generate,scenario,f8cf8112-6537-4c3c-8d6c-dac6dea1e55b,"{'theme': 'qr verification', 'channel': 'qr', 'provider': 'rule-based', 'model': 'fallback'}"
2026-05-04 17:02 UTC,Aisha Rahman,scenario.generate,scenario,054c73a0-e174-4b04-9d2e-3bd7c0300a39,"{'theme': 'invoice/payment approval', 'channel': 'email', 'provider': 'rule-based', 'model': 'fallback'}"
2026-05-04 17:01 UTC,Aisha Rahman,scenario.generate,scenario,f688bf3e-1a6d-4084-bbb9-fba1669ed065,"{'theme': 'qr verification', 'channel': 'qr', 'provider': 'rule-based', 'model': 'fallback'}"
2026-05-04 17:01 UTC,Aisha Rahman,scenario.generate,scenario,df0f4eee-38e2-45d3-b67d-17c4a5ea9198,"{'theme': 'invoice/payment approval', 'channel': 'email', 'provider': 'rule-based', 'model': 'fallback'}"
2026-05-04 17:00 UTC,Aisha Rahman,scenario.generate,scenario,84eec0c8-d698-482f-9e00-613224d8e8fc,"{'theme': 'qr verification', 'channel': 'qr', 'provider': 'rule-based', 'model': 'fallback'}"
2026-05-04 17:00 UTC,Aisha Rahman,scenario.generate,scenario,b8c43c15-627d-40c9-88e8-07fe3125795a,"{'theme': 'invoice/payment approval', 'channel': 'email', 'provider': 'rule-based', 'model': 'fallback'}"
2026-05-03 18:21 UTC,Aisha Rahman,campaign.launch_sandbox,campaign,699360c9-a493-40c1-a944-81393108e05a,{'attempt_count': 1}
2026-05-03 18:21 UTC,Aisha Rahman,campaign.approve,campaign,699360c9-a493-40c1-a944-81393108e05a,{}
2026-05-03 18:21 UTC,Aisha Rahman,campaign.request_approval,campaign,699360c9-a493-40c1-a944-81393108e05a,{}
2026-05-03 18:21 UTC,Aisha Rahman,campaign.create,campaign,699360c9-a493-40c1-a944-81393108e05a,"{'name': 'Live QR Simulation - Finance Verification', 'description': 'QR workflow verification simulation for sample account.', 'channel': 'qr', 'campaign_type': 'one_time', 'schedule_at': None, 'throttling_per_hour': 25, 'target_employee_ids': ['2f81d692-64de-41ac-8a3b-e18042b40071'], 'scenario_ids': ['9c201967-cfa8-4280-8383-35fa47fbfae5'], 'requires_second_approval': False, 'sandbox_mode': True, 'learning_objective': 'Verify unexpected workflow requests before interacting.', 'target_filters': {'source': 'codex_sample_send'}}"
2026-05-03 18:21 UTC,Aisha Rahman,scenario.approve,scenario,9c201967-cfa8-4280-8383-35fa47fbfae5,{}
2026-05-03 18:21 UTC,Aisha Rahman,scenario.generate,scenario,9c201967-cfa8-4280-8383-35fa47fbfae5,"{'theme': 'qr verification', 'channel': 'qr', 'provider': 'rule-based', 'model': 'fallback'}"
2026-05-03 18:21 UTC,Aisha Rahman,campaign.deliver_email,campaign,911dd66d-c6c3-489d-89dd-a7a388a45f02,{'attempt_count': 1}
2026-05-03 18:21 UTC,Aisha Rahman,campaign.approve,campaign,911dd66d-c6c3-489d-89dd-a7a388a45f02,{}
2026-05-03 18:21 UTC,Aisha Rahman,campaign.request_approval,campaign,911dd66d-c6c3-489d-89dd-a7a388a45f02,{}
2026-05-03 18:21 UTC,Aisha Rahman,campaign.create,campaign,911dd66d-c6c3-489d-89dd-a7a388a45f02,"{'name': 'Live Email Simulation - Finance Review', 'description': 'Realistic finance workflow email simulation sent to sample account.', 'channel': 'email', 'campaign_type': 'one_time', 'schedule_at': None, 'throttling_per_hour': 25, 'target_employee_ids': ['2f81d692-64de-41ac-8a3b-e18042b40071'], 'scenario_ids': ['1cec169e-d0fc-40da-a20a-f6f3212f554f'], 'requires_second_approval': False, 'sandbox_mode': True, 'learning_objective': 'Verify unexpected workflow requests before interacting.', 'target_filters': {'source': 'codex_sample_send'}}"
2026-05-03 18:21 UTC,Aisha Rahman,scenario.approve,scenario,1cec169e-d0fc-40da-a20a-f6f3212f554f,{}
2026-05-03 18:21 UTC,Aisha Rahman,scenario.generate,scenario,1cec169e-d0fc-40da-a20a-f6f3212f554f,"{'theme': 'invoice/payment approval', 'channel': 'email', 'provider': 'rule-based', 'model': 'fallback'}"
2026-05-03 17:58 UTC,Aisha Rahman,campaign.launch_sandbox,campaign,02119eed-a016-48ed-b31e-b75b28f2cbbe,{'attempt_count': 1}
2026-05-03 17:58 UTC,Aisha Rahman,campaign.approve,campaign,02119eed-a016-48ed-b31e-b75b28f2cbbe,{}
2026-05-03 17:58 UTC,Aisha Rahman,campaign.request_approval,campaign,02119eed-a016-48ed-b31e-b75b28f2cbbe,{}
2026-05-03 17:58 UTC,Aisha Rahman,campaign.create,campaign,02119eed-a016-48ed-b31e-b75b28f2cbbe,"{'name': 'QR Finance Demo', 'description': 'QR phishing simulation for finance employee\n', 'channel': 'qr', 'campaign_type': 'one_time', 'schedule_at': None, 'throttling_per_hour': 25, 'target_employee_ids': ['2f81d692-64de-41ac-8a3b-e18042b40071'], 'scenario_ids': ['5b6f3e27-b4c0-431f-84a0-b5df01179114'], 'requires_second_approval': False, 'sandbox_mode': True, 'learning_objective': 'Recognize phishing patterns.', 'target_filters': {'created_from_ui': True}}"
2026-05-03 17:56 UTC,Aisha Rahman,scenario.approve,scenario,5b6f3e27-b4c0-431f-84a0-b5df01179114,{}
2026-05-03 17:56 UTC,Aisha Rahman,scenario.generate,scenario,5b6f3e27-b4c0-431f-84a0-b5df01179114,"{'theme': 'qr verification', 'channel': 'qr', 'provider': 'rule-based', 'model': 'fallback'}"
2026-05-03 17:43 UTC,Aisha Rahman,scenario.generate,scenario,36317377-d63b-40e9-acfc-5206ceace992,"{'theme': 'invoice/payment approval', 'channel': 'qr', 'provider': 'rule-based', 'model': 'fallback'}"
2026-05-03 17:43 UTC,Aisha Rahman,scenario.edit,scenario,c7f8eb51-f8b8-4a03-b09d-080ada78f997,{'version': 2}
2026-05-03 17:43 UTC,Aisha Rahman,scenario.generate,scenario,c7f8eb51-f8b8-4a03-b09d-080ada78f997,"{'theme': 'invoice/payment approval', 'channel': 'qr', 'provider': 'rule-based', 'model': 'fallback'}"
2026-03-17 11:47 UTC,Aisha Rahman,scenario.generate,scenario,5917c9ba-84a3-4473-80e4-f144dfcc7981,"{'theme': 'password reset', 'channel': 'email', 'provider': 'rule-based', 'model': 'fallback'}"
2026-03-17 10:13 UTC,Aisha Rahman,campaign.deliver_email,campaign,bcbdfa39-735d-4627-889f-c5ad9a9085cb,{'attempt_count': 1}
2026-03-17 10:13 UTC,Aisha Rahman,campaign.approve,campaign,bcbdfa39-735d-4627-889f-c5ad9a9085cb,{}
2026-03-17 10:13 UTC,Aisha Rahman,campaign.request_approval,campaign,bcbdfa39-735d-4627-889f-c5ad9a9085cb,{}
2026-03-17 10:13 UTC,Aisha Rahman,campaign.create,campaign,bcbdfa39-735d-4627-889f-c5ad9a9085cb,"{'name': 'demo', 'description': 'Final year project phishing simulation demo', 'channel': 'email', 'campaign_type': 'one_time', 'schedule_at': None, 'throttling_per_hour': 25, 'target_employee_ids': ['2f81d692-64de-41ac-8a3b-e18042b40071'], 'scenario_ids': ['49e67f58-4e2e-401a-9203-d707f3997372'], 'requires_second_approval': False, 'sandbox_mode': True, 'learning_objective': 'Recognize phishing patterns.', 'target_filters': {'created_from_ui': True}}"
2026-03-17 10:11 UTC,Aisha Rahman,scenario.approve,scenario,49e67f58-4e2e-401a-9203-d707f3997372,{}
2026-03-17 10:11 UTC,Aisha Rahman,scenario.generate,scenario,49e67f58-4e2e-401a-9203-d707f3997372,"{'theme': 'invoice/payment approval', 'channel': 'email', 'provider': 'rule-based', 'model': 'fallback'}"
2026-03-17 10:10 UTC,Aisha Rahman,employee.create,employee,2f81d692-64de-41ac-8a3b-e18042b40071,{'employee_id': 'EMP-DEVIL-01'}
2026-03-17 10:02 UTC,Aisha Rahman,integration.email.update,organization,350e50a9-127f-4c65-8356-930ef868d1ff,"{'email_provider_enabled': True, 'email_provider_mode': 'lab'}"
2026-03-17 09:43 UTC,Aisha Rahman,scenario.generate,scenario,c4a1f08f-3156-43d1-8812-635cfee4c749,"{'theme': 'qr verification', 'channel': 'email', 'provider': 'rule-based', 'model': 'fallback'}"
2026-03-17 08:14 UTC,Aisha Rahman,campaign.launch_sandbox,campaign,9b19c82e-b32f-4744-9585-69836f8ce90d,{'attempt_count': 1}
2026-03-17 08:14 UTC,Aisha Rahman,campaign.approve,campaign,9b19c82e-b32f-4744-9585-69836f8ce90d,{}
2026-03-17 08:14 UTC,Aisha Rahman,campaign.request_approval,campaign,9b19c82e-b32f-4744-9585-69836f8ce90d,{}
2026-03-17 08:14 UTC,Aisha Rahman,campaign.create,campaign,9b19c82e-b32f-4744-9585-69836f8ce90d,"{'name': 'UI Flow Validation', 'description': 'End to end validation campaign', 'channel': 'email', 'campaign_type': 'one_time', 'schedule_at': None, 'throttling_per_hour': 25, 'target_employee_ids': ['e96425b8-624f-404e-adbb-d045eddec570'], 'scenario_ids': ['8d740ac3-bf03-435c-9921-9644f3383fd9'], 'requires_second_approval': False, 'sandbox_mode': True, 'learning_objective': 'Recognize finance phishing prompts.', 'target_filters': {'created_from_validation': True}}"
2026-03-17 08:14 UTC,Aisha Rahman,scenario.approve,scenario,8d740ac3-bf03-435c-9921-9644f3383fd9,{}
2026-03-17 08:14 UTC,Aisha Rahman,scenario.generate,scenario,8d740ac3-bf03-435c-9921-9644f3383fd9,"{'theme': 'invoice/payment approval', 'channel': 'email'}"
2026-03-17 08:14 UTC,Aisha Rahman,employee.create,employee,e96425b8-624f-404e-adbb-d045eddec570,{'employee_id': 'EMP-A7E9A1'}
2026-03-17 08:14 UTC,Aisha Rahman,department.create,department,fa122117-337b-485a-980e-8f77e082950f,"{'name': 'Demo DDA591', 'code': 'DDA591'}"
